dataset,model,seed,params,flops,best_epoch,wall_sec,run_dir,val.n,val.acc,val.macro_f1,val.near_neutral_macro_f1,val.ece,val.mean_entropy,val.fnr,val.neutral_recall,val.neutral_f1,test.n,test.acc,test.macro_f1,test.near_neutral_macro_f1,test.ece,test.mean_entropy,test.fnr,test.neutral_recall,test.neutral_f1,ckplus.n,ckplus.acc,ckplus.macro_f1,ckplus.near_neutral_macro_f1,ckplus.ece,ckplus.mean_entropy,ckplus.fnr,ckplus.neutral_recall,ckplus.neutral_f1,val.nn_subset_n@0.2,val.nn_subset_acc@0.2,val.nn_subset_macro_f1@0.2,val.nn_subset_fnr@0.2,val.nn_subset_n@0.3,val.nn_subset_acc@0.3,val.nn_subset_macro_f1@0.3,val.nn_subset_fnr@0.3,val.nn_subset_n@0.4,val.nn_subset_acc@0.4,val.nn_subset_macro_f1@0.4,val.nn_subset_fnr@0.4,test.nn_subset_n@0.2,test.nn_subset_acc@0.2,test.nn_subset_macro_f1@0.2,test.nn_subset_fnr@0.2,test.nn_subset_n@0.3,test.nn_subset_acc@0.3,test.nn_subset_macro_f1@0.3,test.nn_subset_fnr@0.3,test.nn_subset_n@0.4,test.nn_subset_acc@0.4,test.nn_subset_macro_f1@0.4,test.nn_subset_fnr@0.4
fer2013,efficientface,0,1272832,79691000,36,1214.4258816242218,runs/fer2013/efficientface/seed0,3589,0.6798551128448036,0.6528457948398071,0.5662186719571469,0.06405606173685853,0.8184426196896872,0.09423205902079142,0.6803953871499177,0.6348962336664105,3589,0.7029813318473113,0.6939516386507009,0.6180013634058266,0.0452533774170498,0.8046206566049103,0.07897401282483969,0.7188498402555911,0.6870229007633588,927.0,0.7346278317152104,0.589545981232183,0.5549590309826766,0.08783695641279216,0.8765634287378321,0.07551240560949299,,,,,,,,,,,,,,,,,,,,,,,,,,
fer2013,efficientface,1,1272832,79691000,24,1218.5932250022888,runs/fer2013/efficientface/seed1,3589,0.6812482585678462,0.6597961222953262,0.5796226741783603,0.031526259452159276,0.944589443292336,0.0999329309188464,0.6869851729818781,0.6308623298033282,3589,0.6829200334354973,0.6623372993322135,0.5825930077756025,0.028623942478796387,0.9345651123391022,0.09584880188997638,0.7140575079872205,0.6588061901252763,927.0,0.6839266450916937,0.5319629054129862,0.4721102205888784,0.06983670082820193,0.9469158835893969,0.07227615965480043,,,,,,,,,,,,,,,,,,,,,,,,,,
fer2013,efficientface,2,1272832,79691000,31,1199.4363253116608,runs/fer2013/efficientface/seed2,3589,0.6831986625801059,0.6714441387340226,0.5980980517249137,0.04695604572806628,0.8469890924987146,0.09356136820925554,0.6622734761120264,0.6242236024844721,3589,0.6910002786291446,0.682635008428595,0.6092226102865972,0.043534678779941896,0.8389960864502596,0.08876139048261897,0.7140575079872205,0.6691616766467066,927.0,0.697950377562028,0.5670505010917614,0.5206767977953608,0.0671503538538563,0.9310232023338603,0.08522114347357065,,,,,,,,,,,,,,,,,,,,,,,,,,
fer2013,efficientface,3,1272832,79691000,30,1208.589195728302,runs/fer2013/efficientface/seed3,3589,0.6809696294232377,0.6595616357589743,0.5832023840231446,0.04374163731289378,0.8731679603177165,0.07813547954393024,0.6112026359143328,0.6127167630057804,3589,0.6898857620507105,0.6807010692333287,0.6057973969123607,0.04780951009675517,0.8668358444104208,0.07526155923050962,0.6613418530351438,0.6555819477434679,927.0,0.6914778856526429,0.5286245523563682,0.4457335953447684,0.0841321806166117,0.8142454391695255,0.06580366774541532,,,,,,,,,,,,,,,,,,,,,,,,,,
fer2013,efficientface,4,1272832,79691000,31,1216.4569869041443,runs/fer2013/efficientface/seed4,3589,0.689607132906102,0.6650692491631575,0.5820718842792495,0.04382274245717434,0.8388369186341633,0.09121395036887994,0.6754530477759473,0.6361520558572537,3589,0.6921147952075787,0.6920239162302279,0.620211441404459,0.05114005874903938,0.8289090861044857,0.08639892001349983,0.7172523961661342,0.6746806912096168,927.0,0.7238403451995685,0.5707118790165853,0.5160251964316629,0.03688354275704249,0.8781795319008779,0.06796116504854369,,,,,,,,,,,,,,,,,,,,,,,,,,
fer2013,microexpnet,0,84919,9784992,36,342.92312693595886,runs/fer2013/microexpnet/seed0,3589,0.5332961827807189,0.42921971614951754,0.268301750667831,0.08603252859713717,1.451817984799049,0.12474849094567404,0.5387149917627677,0.5007656967840735,3589,0.5330175536361104,0.4296781194153742,0.26148454079568706,0.0818883225814487,1.4438325795334386,0.11576105298683767,0.5702875399361023,0.5384615384615384,927.0,0.5469255663430421,0.3713577269515307,0.17468891008047635,0.11564316286299245,1.0687212455968158,0.2459546925566343,,,,,,,,,,,,,,,,,,,,,,,,,,
fer2013,microexpnet,1,84919,9784992,35,331.21160078048706,runs/fer2013/microexpnet/seed1,3589,0.5235441627194205,0.41261180902319655,0.2430013595767228,0.09331740838339321,1.484208309546353,0.1374916163648558,0.5453047775947282,0.4910979228486647,3589,0.5168570632488159,0.4090014505573319,0.23231894137757164,0.08114896671027268,1.4735394150738008,0.1262234222072224,0.5718849840255591,0.5272459499263623,927.0,0.5102481121898598,0.3174151719944812,0.09120934959349594,0.15642497050160123,1.0862225591064947,0.2405609492988134,,,,,,,,,,,,,,,,,,,,,,,,,,
fer2013,microexpnet,2,84919,9784992,36,337.00281739234924,runs/fer2013/microexpnet/seed2,3589,0.5274449707439398,0.4219467137884049,0.26221816739650894,0.08699855404124683,1.4704014240969163,0.12038900067069082,0.5189456342668863,0.4918032786885246,3589,0.5227082752855948,0.4149486440221774,0.24230182063373806,0.08378029557677512,1.4694366328788788,0.11778602767465407,0.5638977635782748,0.5316265060240963,927.0,0.5415318230852212,0.37170967851853304,0.18369178179746476,0.12097098182095588,1.0514401954833141,0.2308522114347357,,,,,,,,,,,,,,,,,,,,,,,,,,
fer2013,microexpnet,3,84919,9784992,32,338.969012260437,runs/fer2013/microexpnet/seed3,3589,0.5321816662022848,0.42790268532196274,0.26790967818791306,0.08547933494314744,1.4574295539456632,0.12374245472837023,0.5238879736408567,0.49149922720247297,3589,0.5346893285037615,0.43159046836976434,0.26484666081904285,0.08861502377303639,1.4562058313736659,0.1160985487681404,0.549520766773163,0.5235920852359208,927.0,0.5382955771305286,0.37018482196784036,0.17934214710826407,0.1378156406226511,1.0696859094883924,0.26429341963322545,,,,,,,,,,,,,,,,,,,,,,,,,,
fer2013,microexpnet,4,84919,9784992,30,341.1857645511627,runs/fer2013/microexpnet/seed4,3589,0.5140707718027305,0.4108848181908615,0.24129167407871777,0.09541382554798712,1.507721558575708,0.125083836351442,0.515650741350906,0.48414539829853054,3589,0.5129562552242964,0.4091337783212656,0.22701680313566278,0.08981125864822578,1.4992898912024357,0.12116098548768141,0.5527156549520766,0.5199098422238918,927.0,0.5091693635382956,0.3269539449777907,0.10493279931119605,0.15565602525823183,1.0864109534998547,0.2664509169363538,,,,,,,,,,,,,,,,,,,,,,,,,,
fer2013,mobilevit_xxs,0,953271,135387584,32,1890.4097521305084,runs/fer2013/mobilevit_xxs/seed0,3589,0.694901086653664,0.6780042465408667,0.6028069917871451,0.0574687127861437,0.7979615732545797,0.09523809523809523,0.6771004942339374,0.631336405529954,3589,0.7068821398718306,0.6972370826142696,0.6233851980126577,0.04996081016538592,0.7979853426279184,0.08639892001349983,0.7236421725239617,0.6786516853932584,927.0,0.756202804746494,0.6142978077125733,0.5936465141483501,0.04788110660653102,0.8510251691620949,0.07227615965480043,,,,,,,,,,,,,,,,,,,,,,,,,,
fer2013,mobilevit_xxs,1,953271,135387584,39,1873.743667602539,runs/fer2013/mobilevit_xxs/seed1,3589,0.694343828364447,0.6711840986904815,0.5944828080124096,0.061375289647378456,0.7936984937498018,0.079476861167002,0.6392092257001647,0.6298701298701299,3589,0.7032599609919198,0.6954778560052678,0.619293130762478,0.053270143061777214,0.791101575448813,0.07897401282483969,0.7108626198083067,0.6819923371647509,927.0,0.7195253505933118,0.5789870564235603,0.5341871280355532,0.05819593368290887,0.8502818173509645,0.08090614886731391,,,,,,,,,,,,,,,,,,,,,,,,,,
fer2013,mobilevit_xxs,2,953271,135387584,35,1865.290582895279,runs/fer2013/mobilevit_xxs/seed2,3589,0.6923934243521872,0.6705614322212321,0.5935689905051321,0.061342348567862096,0.7966798624263293,0.08685446009389672,0.6655683690280065,0.6362204724409449,3589,0.7068821398718306,0.6999924363201192,0.629783763261744,0.05692968965573367,0.7937150428276735,0.08167397907526155,0.7044728434504792,0.6737967914438503,927.0,0.7335490830636462,0.5839444183923038,0.5428094265162422,0.07804630942915579,0.8222915569885791,0.06256742179072276,,,,,,,,,,,,,,,,,,,,,,,,,,
fer2013,mobilevit_xxs,3,953271,135387584,34,1878.6781311035156,runs/fer2013/mobilevit_xxs/seed3,3589,0.6974087489551407,0.6827692210757862,0.6118560046771728,0.05999849418682364,0.790343923097602,0.08383635144198524,0.6639209225700164,0.6396825396825396,3589,0.7110615770409585,0.6978628294944063,0.6223047321982426,0.054173831786352065,0.7953531658228608,0.08099898751265609,0.7300319488817891,0.690854119425548,927.0,0.7421790722761596,0.6083058470199968,0.5844022198325525,0.0752052392063906,0.8438807027870153,0.07766990291262135,,,,,,,,,,,,,,,,,,,,,,,,,,
fer2013,mobilevit_xxs,4,953271,135387584,40,1883.3376853466034,runs/fer2013/mobilevit_xxs/seed4,3589,0.6937865700752298,0.6754806365545197,0.6009392396122035,0.06686392611149673,0.7874463459589901,0.0925553319919517,0.6738056013179572,0.6331269349845201,3589,0.7149623850654778,0.7128822316528941,0.6421625942700837,0.0503029128367568,0.7802457531303283,0.07897401282483969,0.7603833865814696,0.7125748502994012,927.0,0.7486515641855448,0.613172236965019,0.5915595632946379,0.042539908199852525,0.8358362533674125,0.08090614886731391,,,,,,,,,,,,,,,,,,,,,,,,,,
fer2013,nnskd_mobilevit_xxs,0,953271,135387584,36,2462.5107073783875,runs/fer2013/nnskd_mobilevit_xxs/seed0,3589,0.6893285037614935,0.6711124123616259,0.590284572151711,0.058631717368340365,0.8560058428015063,0.09356136820925554,0.6754530477759473,0.6327160493827161,3589,0.7096684313179159,0.7006430701805046,0.6305358787981687,0.05108776335889225,0.8476859102873391,0.07796152548093149,0.7348242811501597,0.6985573272589218,927.0,0.7421790722761596,0.5875998825752221,0.5465589020349415,0.0660750680028514,0.8792193466775469,0.04962243797195254,,,,,,,,,,,,,,,,,,,,,,,,,,
fer2013,nnskd_mobilevit_xxs,1,953271,135387584,29,2476.6684668064117,runs/fer2013/nnskd_mobilevit_xxs/seed1,3589,0.6915575369183616,0.668362063740572,0.5871181465216428,0.04096748721888668,0.9078915056044649,0.09926224010731052,0.6902800658978583,0.6338880484114977,3589,0.7015881861242687,0.6844518764281692,0.6054847635248041,0.043252368001462045,0.9075991793059157,0.09146135673304084,0.7428115015974441,0.6828193832599119,927.0,0.7400215749730313,0.6248309274385726,0.6180098176357749,0.05787381546529688,0.8913344741080093,0.07982740021574973,,,,,,,,,,,,,,,,,,,,,,,,,,
fer2013,nnskd_mobilevit_xxs,2,953271,135387584,37,2474.089656352997,runs/fer2013/nnskd_mobilevit_xxs/seed2,3589,0.6879353580384509,0.6734647814186848,0.6012567026197578,0.059129760151755965,0.843916740892404,0.09926224010731052,0.6836902800658978,0.629742033383915,3589,0.6971301198105322,0.6876294956841132,0.6121198395171388,0.0699475171711609,0.8386877002380413,0.0931488356395545,0.7284345047923323,0.6715758468335787,927.0,0.7378640776699029,0.5920609231186253,0.5485278478637112,0.09017718174202613,0.8884933275356932,0.08306364617044229,,,,,,,,,,,,,,,,,,,,,,,,,,
fer2013,nnskd_mobilevit_xxs,3,953271,135387584,32,2507.1168036460876,runs/fer2013/nnskd_mobilevit_xxs/seed3,3589,0.6868208414600168,0.6644517287479044,0.5863951050097518,0.0569712406615773,0.8592818789826971,0.09054325955734406,0.6754530477759473,0.6371406371406372,3589,0.7015881861242687,0.6858741338493081,0.6050328909871494,0.05241389444525689,0.856906702310516,0.07559905501181235,0.7044728434504792,0.6831913245546088,927.0,0.7098166127292341,0.5672222299945398,0.5181022086431502,0.0699320514995195,0.8796578610186355,0.061488673139158574,,,,,,,,,,,,,,,,,,,,,,,,,,
fer2013,nnskd_mobilevit_xxs,4,953271,135387584,31,2505.966282606125,runs/fer2013/nnskd_mobilevit_xxs/seed4,3589,0.7010309278350515,0.6703057377228159,0.5900735523112746,0.03797874247510599,0.8878570004873153,0.08786049631120053,0.6787479406919276,0.6432474629195941,3589,0.70130955697966,0.6829648053154378,0.6028728684326903,0.060245069421178764,0.8805283757368915,0.08099898751265609,0.7300319488817891,0.690854119425548,927.0,0.7044228694714132,0.5596043325131584,0.5043368559027112,0.0918407519765704,0.8841111324337347,0.07766990291262135,,,,,,,,,,,,,,,,,,,,,,,,,,
fer2013,pattlite,0,1093767,172557248,34,577.0162575244904,runs/fer2013/pattlite/seed0,3589,0.6845918083031485,0.6625647321733833,0.586466396378177,0.07884508625629369,0.7894418998929033,0.0818242790073776,0.6309719934102141,0.6207455429497569,3589,0.7015881861242687,0.69492474366894,0.6273313340571498,0.06829526352487496,0.7814280612647712,0.07458656766790416,0.6821086261980831,0.6703296703296703,927.0,0.6893203883495146,0.5344036462986639,0.4627562725472088,0.09184581813928522,0.8553305322393389,0.05825242718446602,,,,,,,,,,,,,,,,,,,,,,,,,,
fer2013,pattlite,1,1093767,172557248,39,589.6925137042999,runs/fer2013/pattlite/seed1,3589,0.6915575369183616,0.6794532906468591,0.6090017861865606,0.07732179483826364,0.7807155965652498,0.08048289738430583,0.6507413509060955,0.6360708534621579,3589,0.7024240735580942,0.7009665839017748,0.6317061014907643,0.06747347467676487,0.7780981752265691,0.08403644954438069,0.6932907348242812,0.6631016042780749,927.0,0.6968716289104638,0.5341074882042193,0.4517740885486311,0.08816557935929037,0.8177820066541741,0.05285868392664509,,,,,,,,,,,,,,,,,,,,,,,,,,
fer2013,pattlite,2,1093767,172557248,25,581.1704576015472,runs/fer2013/pattlite/seed2,3589,0.6937865700752298,0.6714895745317655,0.5929149801229416,0.04200934035107733,0.9175693073099354,0.08215962441314555,0.6688632619439868,0.6454689984101749,3589,0.6951797157982725,0.6816905449460304,0.6038932314578288,0.048919728788979086,0.9076714297394424,0.08403644954438069,0.7108626198083067,0.6742424242424242,927.0,0.7367853290183387,0.5716372456439414,0.5187405300169533,0.05718118313685276,0.864436970361437,0.05609492988133765,,,,,,,,,,,,,,,,,,,,,,,,,,
fer2013,pattlite,3,1093767,172557248,33,582.2202363014221,runs/fer2013/pattlite/seed3,3589,0.6840345500139314,0.6651101955520963,0.589554411074508,0.07962645161379854,0.7892856974775189,0.09087860496311201,0.6507413509060955,0.6205813040062844,3589,0.7029813318473113,0.6946358537166317,0.6261753190102557,0.06337025546423986,0.7839070267888801,0.08403644954438069,0.6980830670926518,0.6661585365853658,927.0,0.7486515641855448,0.6081850131425817,0.57829872641634,0.08067465565462598,0.8063675393444302,0.05609492988133765,,,,,,,,,,,,,,,,,,,,,,,,,,
fer2013,pattlite,4,1093767,172557248,35,586.7917268276215,runs/fer2013/pattlite/seed4,3589,0.6826414042908888,0.6635207354352719,0.5861338522622542,0.08318324250737195,0.788708374561688,0.09121395036887994,0.6408566721581549,0.613564668769716,3589,0.7018668152688772,0.6924006821310588,0.619183230881224,0.06474305904651238,0.7833269162849565,0.08234897063786703,0.7028753993610224,0.6717557251908397,927.0,0.7259978425026968,0.5902378256657587,0.5645310980088539,0.05215264629412448,0.8557021998823165,0.07227615965480043,,,,,,,,,,,,,,,,,,,,,,,,,,
fer2013,resnet18,0,11180103,969702400,39,532.6168160438538,runs/fer2013/resnet18/seed0,3589,0.6915575369183616,0.6874812176244198,0.6247339867947312,0.10283426271055138,0.7197894061816219,0.08584842387659289,0.6556836902800659,0.6312450436161776,3589,0.7174700473669546,0.7123220675459638,0.6456752780691568,0.07818970691138559,0.7159782638366792,0.08066149173135335,0.7092651757188498,0.6783804430863254,927.0,0.6677454153182308,0.516838376399662,0.4333881712269785,0.10264160421016114,0.7821699574901078,0.08198489751887811,,,,,,,,,,,,,,,,,,,,,,,,,,
fer2013,resnet18,1,11180103,969702400,24,533.5627391338348,runs/fer2013/resnet18/seed1,3589,0.6915575369183616,0.6724471882393283,0.6031917877000939,0.06813798488889057,0.7897143654912545,0.09121395036887994,0.6540362438220758,0.622257053291536,3589,0.6926720534967957,0.6883737423977507,0.618091730745123,0.06768692071346442,0.7869280616864202,0.0911238609517381,0.694888178913738,0.6536438767843726,927.0,0.6526429341963322,0.5145119773757612,0.43509778839679397,0.10019422383209815,0.8424542553362905,0.05285868392664509,,,,,,,,,,,,,,,,,,,,,,,,,,
fer2013,resnet18,2,11180103,969702400,36,527.8956270217896,runs/fer2013/resnet18/seed2,3589,0.6921147952075787,0.6859000054643652,0.6194128767262352,0.0954031505301159,0.7345720117213458,0.08484238765928907,0.6655683690280065,0.6392405063291139,3589,0.7043744775703539,0.7000591598635374,0.6226832948967105,0.08676673398257612,0.732579215747738,0.07492406344920688,0.694888178913738,0.6780982073265783,927.0,0.6914778856526429,0.5505207626864379,0.48908330561729213,0.10302970252893118,0.7714325425238585,0.06472491909385113,,,,,,,,,,,,,,,,,,,,,,,,,,
fer2013,resnet18,3,11180103,969702400,37,532.5410580635071,runs/fer2013/resnet18/seed3,3589,0.6929506826414042,0.6792604433829846,0.6106645898340836,0.09866082363621301,0.7212304411075118,0.09020791415157613,0.657331136738056,0.6258823529411764,3589,0.7116188353301756,0.7117321337679856,0.6471179070130171,0.08589000920651921,0.7180597769842293,0.08606142423219709,0.731629392971246,0.6840926064227035,927.0,0.6871628910463862,0.5337814089284457,0.4549940129650275,0.09311353313884585,0.7587897053661676,0.061488673139158574,,,,,,,,,,,,,,,,,,,,,,,,,,
fer2013,resnet18,4,11180103,969702400,40,536.736629486084,runs/fer2013/resnet18/seed4,3589,0.6954583449428811,0.6831162077899544,0.6168951656104182,0.09207498825904738,0.7394077524496935,0.08953722334004025,0.6688632619439868,0.634375,3589,0.7040958484257454,0.699599172067253,0.6256140873270624,0.08458321781775151,0.7342132712926202,0.08504893688828889,0.7044728434504792,0.66868840030326,927.0,0.7001078748651565,0.5610587215097588,0.5173429925767522,0.07766546293828562,0.8057896383240847,0.08629989212513485,,,,,,,,,,,,,,,,,,,,,,,,,,
ferplus,efficientface,0,1273857,79693048,37,1323.7362849712372,runs/ferplus/efficientface/seed0,3553,0.8398536448072051,0.7188137584115397,0.6730636406301193,0.03507890062573267,0.6490363451195341,0.1018935978358882,0.8764044943820225,0.8568290003661663,3546,0.829385222786238,0.6887917465511313,0.6210058373782557,0.04331952073364057,0.6462341902866897,0.11077057793345009,0.8890649762282092,0.850967007963595,,,,,,,,,,399.0,0.568922305764411,0.5649083112830005,0.3533834586466165,197.0,0.5634517766497462,0.49774162377077913,0.38071065989847713,70.0,0.5571428571428572,0.3265041253360526,0.4,440.0,0.5409090909090909,0.4508639643691064,0.3931818181818182,204.0,0.46078431372549017,0.4300437889804166,0.4950980392156863,70.0,0.4142857142857143,0.27827380952380953,0.5714285714285714
ferplus,efficientface,1,1273857,79693048,37,1225.3507056236267,runs/ferplus/efficientface/seed1,3553,0.833943146636645,0.7030518249350203,0.6518190610484444,0.050346951485648106,0.6592902709485312,0.10324616771866546,0.8734082397003745,0.8542124542124542,3546,0.8291032148900169,0.7073866295487222,0.649944767116721,0.046339006184972394,0.6631428256980713,0.10157618213660245,0.8779714738510301,0.851652574942352,,,,,,,,,,399.0,0.5764411027568922,0.5398576481388497,0.3609022556390977,197.0,0.5888324873096447,0.4958459659508516,0.38071065989847713,70.0,0.6,0.36645435766279755,0.38571428571428573,440.0,0.5727272727272728,0.47295280851811633,0.3568181818181818,204.0,0.5049019607843137,0.4848399509507221,0.4362745098039216,70.0,0.44285714285714284,0.3163203983516484,0.5571428571428572
ferplus,efficientface,2,1273857,79693048,35,1210.657429933548,runs/ferplus/efficientface/seed2,3553,0.8373205741626795,0.7138725573487356,0.6801516339869281,0.04279911541006505,0.6529196973696727,0.09558160504959423,0.8711610486891386,0.8583025830258303,3546,0.823181049069374,0.6900576181540929,0.6328844721479836,0.036019835819118384,0.648154627098498,0.11252189141856392,0.8803486529318542,0.8448669201520913,,,,,,,,,,399.0,0.5939849624060151,0.5784375101728572,0.3283208020050125,197.0,0.5685279187817259,0.39041174607714935,0.3756345177664975,70.0,0.5714285714285714,0.3218662464985994,0.4,440.0,0.5454545454545454,0.4596183059724612,0.38636363636363635,204.0,0.5098039215686274,0.48297706324022116,0.4362745098039216,70.0,0.5285714285714286,0.2986571389119028,0.4714285714285714
ferplus,efficientface,3,1273857,79693048,39,1225.5789415836334,runs/ferplus/efficientface/seed3,3553,0.8356318603996623,0.7061992380535511,0.665346277895018,0.0429078672432897,0.6454202629800224,0.109107303877367,0.8786516853932584,0.8530909090909091,3546,0.8361534122955443,0.6937469719147029,0.6395524737396647,0.028644223275710055,0.6410227856848483,0.10376532399299475,0.904120443740095,0.8643939393939394,,,,,,,,,,399.0,0.5614035087719298,0.5164907530209255,0.37593984962406013,197.0,0.5685279187817259,0.4115389122847687,0.39593908629441626,70.0,0.5142857142857142,0.27752682100508186,0.42857142857142855,440.0,0.5477272727272727,0.44675163395770723,0.36818181818181817,204.0,0.4852941176470588,0.45601601949446535,0.45098039215686275,70.0,0.42857142857142855,0.28044871794871795,0.5428571428571428
ferplus,efficientface,4,1273857,79693048,32,1217.5770745277405,runs/ferplus/efficientface/seed4,3553,0.8406980016887138,0.7105668211828725,0.6730496461419035,0.03773883028589466,0.6723791357843075,0.08476104598737602,0.8636704119850187,0.8617339312406577,3546,0.826283135927806,0.6951158340424578,0.640814551936939,0.03741571699179298,0.6675617068602272,0.101138353765324,0.875594294770206,0.850654349499615,,,,,,,,,,399.0,0.6165413533834586,0.5820382469523133,0.3032581453634085,197.0,0.6446700507614214,0.5249858597811243,0.30456852791878175,70.0,0.6571428571428571,0.3546626984126984,0.3142857142857143,440.0,0.5659090909090909,0.48644066272408515,0.35909090909090907,204.0,0.5147058823529411,0.5011856368563686,0.4411764705882353,70.0,0.44285714285714284,0.3163203983516484,0.5571428571428572
ferplus,microexpnet,0,84968,9785088,30,376.32488560676575,runs/ferplus/microexpnet/seed0,3553,0.706726709822685,0.4128022836927246,0.24529552007096916,0.08890153016472868,1.1605266214670726,0.2750225428313796,0.8951310861423221,0.7611464968152867,3546,0.6878172588832487,0.4020959387716087,0.23315241698561145,0.07296176900211426,1.1617728561113236,0.27802101576182137,0.8906497622820919,0.7441244620986428,,,,,,,,,,399.0,0.23809523809523808,0.17869848312623246,0.6716791979949874,197.0,0.19796954314720813,0.14338051768639304,0.7157360406091371,70.0,0.15714285714285714,0.12708333333333333,0.8142857142857143,440.0,0.24545454545454545,0.20587567476241855,0.6795454545454546,204.0,0.18137254901960784,0.14674148315452662,0.75,70.0,0.2,0.16750700280112046,0.7714285714285715
ferplus,microexpnet,1,84968,9785088,35,405.5935263633728,runs/ferplus/microexpnet/seed1,3553,0.6918097382493668,0.3813801293357655,0.1899239791755027,0.09046626937204849,1.208796483742854,0.2777276825969342,0.8838951310861424,0.7537527946343021,3546,0.6804850535815002,0.37250579925854854,0.17755252049580325,0.07721959026182457,1.2019763363357052,0.28064798598949214,0.8961965134706814,0.7455504284772577,,,,,,,,,,399.0,0.23809523809523808,0.18483514202692283,0.6616541353383458,197.0,0.19796954314720813,0.16350971126628133,0.7106598984771574,70.0,0.15714285714285714,0.1236111111111111,0.8,440.0,0.25,0.20939062314588844,0.6704545454545454,204.0,0.19117647058823528,0.16598978103410353,0.7401960784313726,70.0,0.2,0.16277472527472525,0.7571428571428571
ferplus,microexpnet,2,84968,9785088,36,341.86792254447937,runs/ferplus/microexpnet/seed2,3553,0.7078525189980298,0.40647569900786185,0.233794129718018,0.08453225565796176,1.1473527326005901,0.2610459873760144,0.8846441947565543,0.7631663974151858,3546,0.6838691483361534,0.3848158727539375,0.20321082151355774,0.06348116215591838,1.1449296594392946,0.260507880910683,0.8835182250396196,0.7503364737550471,,,,,,,,,,399.0,0.2882205513784461,0.21001162641711577,0.6190476190476191,197.0,0.25380710659898476,0.1840958605664488,0.6598984771573604,70.0,0.21428571428571427,0.1411401098901099,0.7428571428571429,440.0,0.25681818181818183,0.2146255871287187,0.6636363636363637,204.0,0.19607843137254902,0.1752415458937198,0.7352941176470589,70.0,0.21428571428571427,0.16177884615384613,0.7285714285714285
ferplus,microexpnet,3,84968,9785088,33,341.50830006599426,runs/ferplus/microexpnet/seed3,3553,0.7041936391781592,0.4092821417680856,0.23819223948053433,0.09253283175881041,1.174467146689074,0.26871055004508565,0.8876404494382022,0.7605905006418485,3546,0.6883812746756909,0.3986191961822246,0.22383898587022705,0.0771724410827144,1.1662742108397803,0.2745183887915937,0.8946117274167987,0.7481776010603048,,,,,,,,,,399.0,0.24812030075187969,0.2003875413801884,0.6591478696741855,197.0,0.19796954314720813,0.16761804087385482,0.7258883248730964,70.0,0.14285714285714285,0.11160714285714285,0.8,440.0,0.23636363636363636,0.2033506317534819,0.6795454545454546,204.0,0.19607843137254902,0.1754955526773997,0.7450980392156863,70.0,0.24285714285714285,0.1872894204851752,0.7285714285714285
ferplus,microexpnet,4,84968,9785088,35,341.12938475608826,runs/ferplus/microexpnet/seed4,3553,0.7061638052350127,0.39666789754936793,0.21259185036740147,0.09745816277671197,1.1805118153161063,0.2569882777276826,0.8801498127340824,0.762987012987013,3546,0.6847151720248167,0.38353673127643007,0.19972530710600067,0.07730943658295494,1.1799213949597886,0.2609457092819615,0.8684627575277337,0.7420446851726472,,,,,,,,,,399.0,0.2656641604010025,0.20538476113358878,0.6240601503759399,197.0,0.2182741116751269,0.16501528751982475,0.6751269035532995,70.0,0.14285714285714285,0.10386904761904761,0.7714285714285715,440.0,0.275,0.2246572938607791,0.6409090909090909,204.0,0.20098039215686275,0.18991980382700466,0.7401960784313726,70.0,0.2571428571428571,0.22444331983805668,0.6714285714285714
ferplus,mobilevit_xxs,0,953592,135388224,36,1862.6574819087982,runs/ferplus/mobilevit_xxs/seed0,3553,0.8404165493948775,0.7034530905366623,0.6543823836455122,0.047401562085402374,0.6406228787010507,0.07889990982867448,0.8524344569288389,0.8595166163141994,3546,0.8409475465313029,0.7015511646017248,0.6301426561719098,0.04837912451943548,0.639045916966072,0.09194395796847636,0.8851030110935024,0.8628814213982232,,,,,,,,,,399.0,0.6466165413533834,0.5396462061470023,0.2781954887218045,197.0,0.6751269035532995,0.5133664110330981,0.2893401015228426,70.0,0.6857142857142857,0.35879182754182753,0.2857142857142857,440.0,0.6045454545454545,0.4768879742822568,0.3159090909090909,204.0,0.5490196078431373,0.4971857201860788,0.4117647058823529,70.0,0.5571428571428572,0.34698879551820727,0.42857142857142855
ferplus,mobilevit_xxs,1,953592,135388224,35,1857.3826711177826,runs/ferplus/mobilevit_xxs/seed1,3553,0.8421052631578947,0.7067294788436651,0.660131227202895,0.05201838223701885,0.6121422591612884,0.09648331830477908,0.8816479400749063,0.863536316947909,3546,0.8361534122955443,0.6978209038625094,0.6203274411134434,0.04649871305304838,0.611753471201077,0.10332749562171628,0.8922345483359746,0.8582317073170732,,,,,,,,,,399.0,0.5789473684210527,0.5005635390326472,0.3433583959899749,197.0,0.5482233502538071,0.3928968253968254,0.41116751269035534,70.0,0.5714285714285714,0.30905914737436474,0.4,440.0,0.5477272727272727,0.4640132041025603,0.36818181818181817,204.0,0.4950980392156863,0.4905920468420468,0.44607843137254904,70.0,0.42857142857142855,0.2970896291208791,0.5571428571428572
ferplus,mobilevit_xxs,2,953592,135388224,33,1875.6274845600128,runs/ferplus/mobilevit_xxs/seed2,3553,0.8474528567407824,0.7267531146101378,0.678432612456674,0.04936429088091169,0.6264520452067515,0.09377817853922453,0.8838951310861424,0.866691149467499,3546,0.8372814438804287,0.6942668293991714,0.6194529752290395,0.041556554062347484,0.6321878729272176,0.10683012259194395,0.9064976228209192,0.8633962264150944,,,,,,,,,,399.0,0.581453634085213,0.5543963807557324,0.3558897243107769,197.0,0.5736040609137056,0.48543930742309815,0.40609137055837563,70.0,0.5428571428571428,0.46257116977225676,0.45714285714285713,440.0,0.525,0.4661726852498177,0.3795454545454545,204.0,0.4852941176470588,0.46243879794844694,0.4411764705882353,70.0,0.4857142857142857,0.32196275946275943,0.4857142857142857
ferplus,mobilevit_xxs,3,953592,135388224,32,1867.2755341529846,runs/ferplus/mobilevit_xxs/seed3,3553,0.8491415705037996,0.7279695150916681,0.6753665085514989,0.050090682690086444,0.6461260252007959,0.09152389540126239,0.8876404494382022,0.8703635695923614,3546,0.8316412859560067,0.6793820926006336,0.6137616778364396,0.04821779002436182,0.6497820516066948,0.10945709281961472,0.8938193343898574,0.8545454545454545,,,,,,,,,,399.0,0.5889724310776943,0.5482013136802233,0.3358395989974937,197.0,0.5736040609137056,0.4299586796001372,0.38578680203045684,70.0,0.5571428571428572,0.33352290149824215,0.4142857142857143,440.0,0.5454545454545454,0.45942071563619996,0.38636363636363635,204.0,0.4950980392156863,0.4714883147470519,0.45098039215686275,70.0,0.45714285714285713,0.3286830357142857,0.5428571428571428
ferplus,mobilevit_xxs,4,953592,135388224,36,1888.2796823978424,runs/ferplus/mobilevit_xxs/seed4,3553,0.8477343090346187,0.7259138977049421,0.6843121900062803,0.05127393186396175,0.6403329524222663,0.08791704238052299,0.8794007490636704,0.8683431952662722,3546,0.8327693175408911,0.7045753881370166,0.6577299486994844,0.049899770890819484,0.6393080785307805,0.10070052539404553,0.8866877971473851,0.8571428571428571,,,,,,,,,,399.0,0.5889724310776943,0.5576625002116026,0.3483709273182957,197.0,0.5431472081218274,0.479101819828722,0.43147208121827413,70.0,0.5571428571428572,0.30027788707456227,0.4142857142857143,440.0,0.5636363636363636,0.4555058392846113,0.3477272727272727,204.0,0.5392156862745098,0.47838689451909344,0.4019607843137255,70.0,0.5142857142857142,0.3107142857142857,0.45714285714285713
ferplus,nnskd_mobilevit_xxs,0,953592,135388224,39,2480.1598784923553,runs/ferplus/nnskd_mobilevit_xxs/seed0,3553,0.8423867154517309,0.7047339940784749,0.6755050681223863,0.059415255864493935,0.6599715320514309,0.08385933273219116,0.8569288389513109,0.8585365853658536,3546,0.8344613649182178,0.7052300221784804,0.6250879664813227,0.055916944716350406,0.663179177896992,0.0915061295971979,0.881933438985737,0.8614551083591331,,,,,,,,,,399.0,0.6215538847117794,0.5425949985257261,0.3132832080200501,197.0,0.6294416243654822,0.45327924273157544,0.3401015228426396,70.0,0.5714285714285714,0.315455990088343,0.38571428571428573,440.0,0.5772727272727273,0.4580335868087734,0.3386363636363636,204.0,0.4852941176470588,0.4507121093125064,0.45098039215686275,70.0,0.4714285714285714,0.2843897030683686,0.5142857142857142
ferplus,nnskd_mobilevit_xxs,1,953592,135388224,25,2488.1968598365784,runs/ferplus/nnskd_mobilevit_xxs/seed1,3553,0.838164931044188,0.6843004089223815,0.6539403569386224,0.054549207193007154,0.6823972196983603,0.11812443642921551,0.8913857677902621,0.8539648367420165,3546,0.826283135927806,0.6441498703550839,0.5867793389681945,0.05459340832470923,0.681916872480626,0.1190893169877408,0.9001584786053882,0.850936329588015,,,,,,,,,,399.0,0.5137844611528822,0.4844205114912054,0.43609022556390975,197.0,0.47715736040609136,0.32039951883701884,0.5025380710659898,70.0,0.4,0.24537750385208013,0.5857142857142857,440.0,0.5045454545454545,0.4590296350582964,0.425,204.0,0.4264705882352941,0.3514630421310012,0.5196078431372549,70.0,0.37142857142857144,0.24221611721611722,0.6142857142857143
ferplus,nnskd_mobilevit_xxs,2,953592,135388224,36,2487.3666677474976,runs/ferplus/nnskd_mobilevit_xxs/seed2,3553,0.8491415705037996,0.7304023721883491,0.6747583974115203,0.053588727278999354,0.6495850844643624,0.08972046889089269,0.8756554307116104,0.8649648538660747,3546,0.835307388606881,0.7137447097734754,0.6552119777340062,0.059583199547376946,0.6550536606279185,0.09676007005253941,0.8835182250396196,0.8583525789068515,,,,,,,,,,399.0,0.6040100250626567,0.5608401385387891,0.3333333333333333,197.0,0.5685279187817259,0.5132895649470235,0.38578680203045684,70.0,0.5714285714285714,0.32071215169806716,0.38571428571428573,440.0,0.5818181818181818,0.509562865709471,0.3409090909090909,204.0,0.5294117647058824,0.4384400810107479,0.4215686274509804,70.0,0.5142857142857142,0.32905817009077876,0.4857142857142857
ferplus,nnskd_mobilevit_xxs,3,953592,135388224,39,2451.6452720165253,runs/ferplus/nnskd_mobilevit_xxs/seed3,3553,0.8435125246270757,0.7226239730477859,0.6817063587265219,0.06379508741060436,0.6539768206449507,0.09558160504959423,0.8808988764044944,0.8637532133676092,3546,0.8372814438804287,0.6966251215276613,0.6218958591085209,0.05151266857693858,0.6566706999722864,0.09632224168126094,0.8985736925515055,0.8669724770642202,,,,,,,,,,399.0,0.5664160401002506,0.46554941002202666,0.3508771929824561,197.0,0.5532994923857868,0.41303821800090457,0.40609137055837563,70.0,0.5142857142857142,0.27264899279824656,0.44285714285714284,440.0,0.5681818181818182,0.45339268605726923,0.3477272727272727,204.0,0.5294117647058824,0.49438359556750266,0.4068627450980392,70.0,0.4714285714285714,0.32543498168498164,0.5142857142857142
ferplus,nnskd_mobilevit_xxs,4,953592,135388224,33,2467.5501580238342,runs/ferplus/nnskd_mobilevit_xxs/seed4,3553,0.8454826906839291,0.7094766375565515,0.6883634782740415,0.05531435467728562,0.6595804984636539,0.08521190261496844,0.8614232209737828,0.8601346297681376,3546,0.8367174280879864,0.6963996362521103,0.636406478277517,0.052147367208909085,0.6629643478518957,0.08756567425569177,0.8724247226624405,0.8591494342567304,,,,,,,,,,399.0,0.6215538847117794,0.5297294545529987,0.3132832080200501,197.0,0.5989847715736041,0.43278044688477085,0.36548223350253806,70.0,0.5571428571428572,0.31198801198801196,0.38571428571428573,440.0,0.5931818181818181,0.45563573541272256,0.3159090909090909,204.0,0.5637254901960784,0.4936638471177945,0.37254901960784315,70.0,0.45714285714285713,0.30573593073593075,0.5285714285714286
ferplus,pattlite,0,1093800,172557312,25,689.4075932502747,runs/ferplus/pattlite/seed0,3553,0.8401350971010414,0.6632622603893117,0.66645080661682,0.04058365928655441,0.6921356559582236,0.09738503155996393,0.8771535580524344,0.8603967670830271,3546,0.8212069937958263,0.6118492753426208,0.5754623584105875,0.04410157405022662,0.7009640284803027,0.0989492119089317,0.8724247226624405,0.8505214368482039,,,,,,,,,,399.0,0.5488721804511278,0.45723526473526477,0.3558897243107769,197.0,0.5228426395939086,0.39195105820105824,0.40609137055837563,70.0,0.5571428571428572,0.3090686274509804,0.4142857142857143,440.0,0.5454545454545454,0.4040297764561678,0.35909090909090907,204.0,0.4852941176470588,0.3906848659003832,0.45098039215686275,70.0,0.4142857142857143,0.3185483870967742,0.5857142857142857
ferplus,pattlite,1,1093800,172557312,39,697.0877194404602,runs/ferplus/pattlite/seed1,3553,0.8421052631578947,0.6936245835745076,0.6542081626566612,0.05441330972315443,0.6354135171111313,0.09332732191163211,0.8719101123595505,0.8603104212860311,3546,0.838127467569092,0.70556710370129,0.6678263713324689,0.038628619741529514,0.6278793419980996,0.1042031523642732,0.8985736925515055,0.8610478359908884,,,,,,,,,,399.0,0.5914786967418546,0.5119785792977227,0.3433583959899749,197.0,0.5685279187817259,0.3538907413151365,0.38578680203045684,70.0,0.5857142857142857,0.3671355953153487,0.37142857142857144,440.0,0.5568181818181818,0.49232434992979074,0.3704545454545455,204.0,0.5098039215686274,0.5345804005740904,0.44607843137254904,70.0,0.45714285714285713,0.3308913308913308,0.5428571428571428
ferplus,pattlite,2,1093800,172557312,28,590.3032941818237,runs/ferplus/pattlite/seed2,3553,0.848297213622291,0.6949133748748326,0.6561654488463723,0.043359566965130214,0.6636609286162568,0.08611361587015329,0.8719101123595505,0.8654275092936803,3546,0.8361534122955443,0.6653198089205032,0.6071644944671629,0.05376843978336124,0.6639558901220082,0.09851138353765324,0.8851030110935024,0.857910906298003,,,,,,,,,,399.0,0.6115288220551378,0.5088135804920795,0.3157894736842105,197.0,0.6091370558375635,0.4229419703103914,0.350253807106599,70.0,0.6,0.3035402097902098,0.37142857142857144,440.0,0.5886363636363636,0.4864607157517482,0.35,204.0,0.5343137254901961,0.4987603881625621,0.4166666666666667,70.0,0.4857142857142857,0.32805735930735924,0.5
ferplus,pattlite,3,1093800,172557312,23,586.5738146305084,runs/ferplus/pattlite/seed3,3553,0.8384463833380242,0.664291596964411,0.6652820954034561,0.04060957826803804,0.7125550735153408,0.10640216411181244,0.8816479400749063,0.8566229985443959,3546,0.8274111675126904,0.6160911430171552,0.578355992950312,0.04092647276732835,0.7113498688198463,0.11690017513134851,0.9009508716323297,0.8529632408102026,,,,,,,,,,399.0,0.5639097744360902,0.5053757713316769,0.37092731829573933,197.0,0.5380710659898477,0.3460560418964924,0.4263959390862944,70.0,0.45714285714285713,0.30527950310559004,0.5285714285714286,440.0,0.5340909090909091,0.42465409959812295,0.38181818181818183,204.0,0.44607843137254904,0.4187818649471297,0.5098039215686274,70.0,0.42857142857142855,0.32301267281105994,0.5714285714285714
ferplus,pattlite,4,1093800,172557312,38,579.9017293453217,runs/ferplus/pattlite/seed4,3553,0.8460455952716015,0.7227236094692318,0.6761149349513454,0.04449360406993106,0.6215347983273292,0.09062218214607755,0.8764044943820225,0.8647450110864745,3546,0.832205301748449,0.6789556297478785,0.62564664062089,0.049135329658719556,0.6163857258605099,0.10726795096322242,0.8890649762282092,0.8535564853556485,,,,,,,,,,399.0,0.6115288220551378,0.5498910912928179,0.3283208020050125,197.0,0.6040609137055838,0.5240835619555735,0.36548223350253806,70.0,0.6285714285714286,0.3702225672877847,0.32857142857142857,440.0,0.5727272727272728,0.4956683190532034,0.3613636363636364,204.0,0.5294117647058824,0.5131938624454662,0.4117647058823529,70.0,0.4714285714285714,0.32543498168498164,0.5142857142857142
ferplus,resnet18,0,11180616,969703424,36,660.716521024704,runs/ferplus/resnet18/seed0,3553,0.8415423585702223,0.700409207393275,0.6596342596833468,0.04410762719940404,0.6073260686231894,0.09963931469792606,0.8764044943820225,0.8584005869405723,3546,0.8372814438804287,0.702458545108604,0.6383375586687694,0.03579401125333533,0.6016921685606319,0.09544658493870403,0.8914421553090333,0.8637236084452975,,,,,,,,,,399.0,0.5964912280701754,0.5594689046729295,0.3483709273182957,197.0,0.5939086294416244,0.44776896129260213,0.38071065989847713,70.0,0.6285714285714286,0.3858543417366947,0.34285714285714286,440.0,0.5863636363636363,0.46394282680990356,0.3386363636363636,204.0,0.5147058823529411,0.46929217423403474,0.4166666666666667,70.0,0.4714285714285714,0.33192183123249297,0.5142857142857142
ferplus,resnet18,1,11180616,969703424,24,637.2054510116577,runs/ferplus/resnet18/seed1,3553,0.8513931888544891,0.7033968212530033,0.6743226058195506,0.043947828300434325,0.660326086945409,0.08431018935978359,0.8741573033707866,0.8679806619561176,3546,0.8274111675126904,0.6885672592346668,0.6294886115433209,0.04745702164514136,0.6588751600029257,0.10332749562171628,0.8779714738510301,0.8503453568687643,,,,,,,,,,399.0,0.6190476190476191,0.5474644914569928,0.3057644110275689,197.0,0.6142131979695431,0.44820550526231323,0.3350253807106599,70.0,0.6714285714285714,0.3571846846846847,0.2857142857142857,440.0,0.5659090909090909,0.44585562828014136,0.3568181818181818,204.0,0.5196078431372549,0.45892093433170283,0.45588235294117646,70.0,0.5285714285714286,0.3566431236673774,0.4714285714285714
ferplus,resnet18,2,11180616,969703424,33,537.158623456955,runs/ferplus/resnet18/seed2,3553,0.8454826906839291,0.7044113634818152,0.6731782616696993,0.03789761252191176,0.5809830579319152,0.10009017132551848,0.8846441947565543,0.8626734842951059,3546,0.8372814438804287,0.7037225477661884,0.6446228349780547,0.042101732740415454,0.5781269726818039,0.11077057793345009,0.9088748019017433,0.8617580766341096,,,,,,,,,,399.0,0.6040100250626567,0.5861620644296861,0.3483709273182957,197.0,0.5989847715736041,0.4495828245828246,0.37055837563451777,70.0,0.5857142857142857,0.36997416762342134,0.37142857142857144,440.0,0.55,0.4845571300869475,0.3840909090909091,204.0,0.4852941176470588,0.49005391385440344,0.47549019607843135,70.0,0.45714285714285713,0.3350840336134454,0.5428571428571428
ferplus,resnet18,3,11180616,969703424,37,533.6870307922363,runs/ferplus/resnet18/seed3,3553,0.8471714044469463,0.7158352694338763,0.6736749163237694,0.04165601604029851,0.6070199804376409,0.09918845807033363,0.8846441947565543,0.8633040935672515,3546,0.8305132543711224,0.6767670395655456,0.602903761021999,0.05534616069900094,0.6020784133760158,0.10288966725043783,0.8914421553090333,0.8581235697940504,,,,,,,,,,399.0,0.5864661654135338,0.541443104640127,0.3533834586466165,197.0,0.6040609137055838,0.4316732151435227,0.36548223350253806,70.0,0.6142857142857143,0.3804637526652452,0.37142857142857144,440.0,0.5590909090909091,0.4709855667173398,0.35454545454545455,204.0,0.4950980392156863,0.4973471863783302,0.44607843137254904,70.0,0.44285714285714284,0.31082589285714285,0.5428571428571428
ferplus,resnet18,4,11180616,969703424,36,538.4338576793671,runs/ferplus/resnet18/seed4,3553,0.8449197860962567,0.7113969434756762,0.6694708141719317,0.04490100263134998,0.6024518441105091,0.09918845807033363,0.8771535580524344,0.8591342626559061,3546,0.8389734912577552,0.7121550483993623,0.6690735268213589,0.05259425678167215,0.6018168997516208,0.10376532399299475,0.8961965134706814,0.8600760456273764,,,,,,,,,,399.0,0.606516290726817,0.5542279223916764,0.3383458646616541,197.0,0.6040609137055838,0.43156094527363187,0.37055837563451777,70.0,0.5857142857142857,0.2967335562987737,0.37142857142857144,440.0,0.5704545454545454,0.5508613194613895,0.37272727272727274,204.0,0.49019607843137253,0.48744334761283914,0.45588235294117646,70.0,0.44285714285714284,0.3358516483516484,0.5571428571428572
rafdb,efficientface,0,1272832,79691000,38,699.5993204116821,runs/rafdb/efficientface/seed0,1228,0.8175895765472313,0.7163784244296103,0.62408306733165,0.04055719617752406,0.6898668148435372,0.06666666666666667,0.766798418972332,0.7578125,3068,0.8135593220338984,0.7254535129768795,0.6443263341391393,0.03865500481868322,0.6782461245910164,0.0745393634840871,0.8044117647058824,0.7786476868327402,927.0,0.6925566343042071,0.4740191204798546,0.36522668013352244,0.13979974266565526,0.6161048538416313,0.05717367853290183,,,,,,,,,,,,,,,,,,,,,,,,,,
rafdb,efficientface,1,1272832,79691000,20,708.2587809562683,runs/rafdb/efficientface/seed1,1228,0.8110749185667753,0.6927871904184496,0.5756946254886697,0.05147656763145564,0.7605253703170054,0.08717948717948718,0.857707509881423,0.781981981981982,3068,0.7985658409387223,0.7018943894004188,0.6111070016237441,0.040161126468205556,0.7569383212013605,0.0992462311557789,0.8647058823529412,0.7813953488372093,927.0,0.7130528586839266,0.47160715205398623,0.3595982303801901,0.09437904739913283,0.7610999684036978,0.08090614886731391,,,,,,,,,,,,,,,,,,,,,,,,,,
rafdb,efficientface,2,1272832,79691000,24,718.7446179389954,runs/rafdb/efficientface/seed2,1228,0.8175895765472313,0.6904907114896518,0.5739337257115213,0.04437675045084876,0.7373464785412532,0.07794871794871795,0.841897233201581,0.7859778597785978,3068,0.8207301173402868,0.7253269861945387,0.6344568017964348,0.04509374235938949,0.7310858586707442,0.09003350083752094,0.8397058823529412,0.7789904502046384,927.0,0.7011866235167206,0.49563994851983556,0.40446910670053904,0.13038150365664444,0.7551683503336097,0.08090614886731391,,,,,,,,,,,,,,,,,,,,,,,,,,
rafdb,efficientface,3,1272832,79691000,19,706.0175559520721,runs/rafdb/efficientface/seed3,1228,0.8135179153094463,0.7024952567644622,0.5914140972026034,0.06185065099271157,0.8056329342739583,0.06051282051282051,0.7865612648221344,0.7788649706457925,3068,0.8057366362451108,0.7054265286641844,0.614922297188307,0.049130975193094624,0.8020177860729265,0.06909547738693467,0.775,0.7682215743440233,927.0,0.7173678532901834,0.5030435428964987,0.42281072092793265,0.1429591729962251,0.6892989280109783,0.07011866235167206,,,,,,,,,,,,,,,,,,,,,,,,,,
rafdb,efficientface,4,1272832,79691000,33,728.2733452320099,runs/rafdb/efficientface/seed4,1228,0.8127035830618893,0.7161184015914206,0.6221614794245826,0.03329221168109754,0.6772005511215254,0.06461538461538462,0.7747035573122529,0.765625,3068,0.8116036505867015,0.7223722664529758,0.6364884294452543,0.03569647885014058,0.6786050393053984,0.08040201005025126,0.8117647058823529,0.7752808988764045,927.0,0.7216828478964401,0.5097620518631711,0.42672606816618475,0.09861711216379651,0.6487010034373188,0.05825242718446602,,,,,,,,,,,,,,,,,,,,,,,,,,
rafdb,microexpnet,0,84919,9784992,40,198.22955679893494,runs/rafdb/microexpnet/seed0,1228,0.6986970684039088,0.47395569202170723,0.268580033661086,0.1601919654108035,1.3081576591634148,0.15487179487179487,0.8023715415019763,0.6688632619439868,3068,0.6897001303780965,0.4582566357662362,0.24652467036572995,0.14671446253463752,1.298218247627014,0.16792294807370184,0.8117647058823529,0.676056338028169,927.0,0.47572815533980584,0.2704119766872803,0.031578947368421054,0.20686655437391335,0.9920747867853168,0.41423948220064727,,,,,,,,,,,,,,,,,,,,,,,,,,
rafdb,microexpnet,1,84919,9784992,48,194.1140251159668,runs/rafdb/microexpnet/seed1,1228,0.6913680781758957,0.5125040947759709,0.34321213796917116,0.16876667315075985,1.3488943108767835,0.14358974358974358,0.758893280632411,0.6564102564102564,3068,0.6975228161668839,0.5193144121194702,0.3567443918440746,0.1693244585321165,1.3382778687939167,0.1440536013400335,0.7617647058823529,0.6718547341115434,927.0,0.47357065803667747,0.24333946737000783,0.0,0.17998273177673413,1.081672051374818,0.36245954692556637,,,,,,,,,,,,,,,,,,,,,,,,,,
rafdb,microexpnet,2,84919,9784992,51,197.0640676021576,runs/rafdb/microexpnet/seed2,1228,0.6929967426710097,0.4830128793899299,0.291107147568475,0.15238917122368448,1.305626013650357,0.13128205128205128,0.7233201581027668,0.648936170212766,3068,0.703715775749674,0.5222942131208479,0.3555094626776078,0.1584529315840252,1.2981433864403362,0.1323283082077052,0.7764705882352941,0.6929133858267716,927.0,0.47896440129449835,0.2658441712277421,0.038461538461538464,0.19377924496660182,1.0089202297643751,0.36030204962243795,,,,,,,,,,,,,,,,,,,,,,,,,,
rafdb,microexpnet,3,84919,9784992,50,204.91978311538696,runs/rafdb/microexpnet/seed3,1228,0.6913680781758957,0.4799559690500309,0.28543771939155405,0.17051001403752927,1.3476335739690513,0.1558974358974359,0.758893280632411,0.6432160804020101,3068,0.6883963494132985,0.46526436983725133,0.2629217649239896,0.16550674330169823,1.3476590639975499,0.1490787269681742,0.7838235294117647,0.6794136392606756,927.0,0.4778856526429342,0.2705782352085906,0.0330188679245283,0.17036542900495527,1.0812997791591326,0.39805825242718446,,,,,,,,,,,,,,,,,,,,,,,,,,
rafdb,microexpnet,4,84919,9784992,55,202.378315448761,runs/rafdb/microexpnet/seed4,1228,0.7003257328990228,0.48768794622012496,0.2930658443951416,0.1652475164201968,1.3111544160339126,0.13948717948717948,0.7312252964426877,0.6445993031358885,3068,0.6919817470664928,0.4713960114563238,0.2739962121212121,0.15594577510903965,1.3031115979233487,0.13819095477386933,0.7485294117647059,0.6701777485187623,927.0,0.48651564185544766,0.28352646703326595,0.046357615894039736,0.15809320716077532,1.0530588048255656,0.36785329018338725,,,,,,,,,,,,,,,,,,,,,,,,,,
rafdb,mobilevit_xxs,0,953271,135387584,52,1085.517814874649,runs/rafdb/mobilevit_xxs/seed0,1228,0.8436482084690554,0.7617507405482321,0.6819627851140456,0.039335541720645815,0.5873369623666254,0.0441025641025641,0.7984189723320159,0.8112449799196787,3068,0.8367014341590613,0.757322150437479,0.6858048202637668,0.05147907550262941,0.5784337474419788,0.05067001675041876,0.7911764705882353,0.8035847647498133,927.0,0.7443365695792881,0.5278447345271073,0.4598948289060545,0.1124807155287727,0.5750041757004097,0.025889967637540454,,,,,,,,,,,,,,,,,,,,,,,,,,
rafdb,mobilevit_xxs,1,953271,135387584,44,1093.851514339447,runs/rafdb/mobilevit_xxs/seed1,1228,0.8452768729641694,0.7648371502322064,0.6769226135310473,0.04956429531790959,0.5975949971332132,0.04717948717948718,0.8063241106719368,0.8111332007952287,3068,0.8441981747066493,0.7488107162793466,0.6600014418657913,0.04523054154538834,0.5980829288721586,0.048576214405360134,0.825,0.8268238761974944,927.0,0.7313915857605178,0.5118299083520289,0.4305976448448116,0.11963065344934612,0.582565695808971,0.03128371089536138,,,,,,,,,,,,,,,,,,,,,,,,,,
rafdb,mobilevit_xxs,2,953271,135387584,49,1084.6656215190887,runs/rafdb/mobilevit_xxs/seed2,1228,0.8460912052117264,0.7544807952740575,0.6681945111794477,0.06300815682249931,0.5944600924607513,0.06153846153846154,0.8142292490118577,0.7938342967244701,3068,0.8419165580182529,0.7503075617239195,0.6640700013244042,0.04543311678728894,0.590016298063122,0.05402010050251256,0.825,0.8189781021897811,927.0,0.7184466019417476,0.517525719021309,0.4381459795882248,0.1314437986580335,0.5934591863533464,0.0668824163969795,,,,,,,,,,,,,,,,,,,,,,,,,,
rafdb,mobilevit_xxs,3,953271,135387584,45,1074.2715194225311,runs/rafdb/mobilevit_xxs/seed3,1228,0.8412052117263844,0.7465325826820439,0.663905374858915,0.03967625461997706,0.5684036407536976,0.05435897435897436,0.8221343873517787,0.8093385214007782,3068,0.8500651890482399,0.7684517024534147,0.6962324569379441,0.03673073098452447,0.570663466128123,0.055695142378559465,0.8470588235294118,0.8293736501079914,927.0,0.7249190938511327,0.5192400003371503,0.4446490402933114,0.1341699344066421,0.556399422178416,0.04854368932038835,,,,,,,,,,,,,,,,,,,,,,,,,,
rafdb,mobilevit_xxs,4,953271,135387584,38,1085.4434974193573,runs/rafdb/mobilevit_xxs/seed4,1228,0.8534201954397395,0.7720162867496276,0.6986961033091922,0.04954616879192579,0.593804573661474,0.06153846153846154,0.8379446640316206,0.8076190476190476,3068,0.8334419817470665,0.751254550725825,0.6795678481599585,0.056652583789621305,0.5915797313246396,0.05862646566164154,0.7970588235294118,0.7958883994126285,927.0,0.7367853290183387,0.5308241279356974,0.473269397171441,0.12099711468657806,0.5729457705145931,0.019417475728155338,,,,,,,,,,,,,,,,,,,,,,,,,,
rafdb,nnskd_mobilevit_xxs,0,953271,135387584,49,1460.9249792099,runs/rafdb/nnskd_mobilevit_xxs/seed0,1228,0.8363192182410424,0.7376268022820375,0.637060412273715,0.07122692751999636,0.6135012051297689,0.050256410256410255,0.8142292490118577,0.8110236220472441,3068,0.8523468057366362,0.7827555214843024,0.7185964191159969,0.05301192731005291,0.6092955533487217,0.04690117252931323,0.8132352941176471,0.8223048327137547,927.0,0.7411003236245954,0.541972684023982,0.48225108225108226,0.09166679235049406,0.6346888010005155,0.03559870550161812,,,,,,,,,,,,,,,,,,,,,,,,,,
rafdb,nnskd_mobilevit_xxs,1,953271,135387584,56,1457.0700085163116,runs/rafdb/nnskd_mobilevit_xxs/seed1,1228,0.8395765472312704,0.7472880167470942,0.657854934149699,0.0594857752599016,0.5878476927337749,0.05128205128205128,0.7944664031620553,0.7976190476190477,3068,0.8500651890482399,0.7728484361823261,0.701592737514767,0.05440358845708289,0.5855313206720908,0.0414572864321608,0.7955882352941176,0.8196969696969697,927.0,0.7076591154261057,0.5231212166647409,0.44747498879712383,0.14601338173024372,0.5751598837635336,0.05825242718446602,,,,,,,,,,,,,,,,,,,,,,,,,,
rafdb,nnskd_mobilevit_xxs,2,953271,135387584,41,1454.1187365055084,runs/rafdb/nnskd_mobilevit_xxs/seed2,1228,0.8436482084690554,0.7529313938774166,0.6676999041713761,0.04535172570357825,0.614914466625976,0.052307692307692305,0.8102766798418972,0.8055009823182712,3068,0.8471316818774446,0.7734612210292361,0.705541425752497,0.05624986706919822,0.6157301851040664,0.05695142378559464,0.8264705882352941,0.8156748911465893,927.0,0.7055016181229773,0.499236544134023,0.41230284150768925,0.12546694013703408,0.6336683344409327,0.061488673139158574,,,,,,,,,,,,,,,,,,,,,,,,,,
rafdb,nnskd_mobilevit_xxs,3,953271,135387584,41,1454.0984082221985,runs/rafdb/nnskd_mobilevit_xxs/seed3,1228,0.8420195439739414,0.7518195997421318,0.6614651118736603,0.04988574440120255,0.5936326127744829,0.07487179487179488,0.8616600790513834,0.8014705882352942,3068,0.8513689700130378,0.764372770172694,0.6875984164549088,0.057335806423429204,0.6041021473922313,0.07035175879396985,0.875,0.8246708246708246,927.0,0.6634304207119741,0.4931204284971458,0.40955196435821045,0.1647176265422411,0.6396522038855763,0.10248112189859762,,,,,,,,,,,,,,,,,,,,,,,,,,
rafdb,nnskd_mobilevit_xxs,4,953271,135387584,57,1460.8696918487549,runs/rafdb/nnskd_mobilevit_xxs/seed4,1228,0.8485342019543974,0.7589683015002854,0.6736064663657051,0.043253786100766474,0.6009199889488034,0.043076923076923075,0.8181818181818182,0.8247011952191236,3068,0.8477835723598436,0.7719525304438619,0.7010634526496006,0.06288253271062254,0.5983730065916948,0.04690117252931323,0.8235294117647058,0.8284023668639053,927.0,0.7421790722761596,0.554923348883183,0.5127372176573578,0.1184196407257149,0.5649853458853041,0.037756202804746494,,,,,,,,,,,,,,,,,,,,,,,,,,
rafdb,nnskd_mobilevit_xxs_aux,0,953271,135387584,56,1156.8043446540833,runs/rafdb/nnskd_mobilevit_xxs_aux/seed0,1228,0.8469055374592834,0.7289458112820731,0.6222761612650575,0.06823734947567167,0.5864849527311874,0.05333333333333334,0.8181818181818182,0.80859375,3068,0.8386571056062582,0.7512910287202138,0.6705556777746569,0.06286694997892411,0.578504730119085,0.05318257956448911,0.8,0.8053293856402665,927.0,0.7303128371089536,0.528177319189574,0.4640934471133586,0.12342688955192947,0.5772567958550308,0.03344120819848975,,,,,,,,,,,,,,,,,,,,,,,,,,
rafdb,nnskd_mobilevit_xxs_aux,1,953271,135387584,56,1147.295159816742,runs/rafdb/nnskd_mobilevit_xxs_aux/seed1,1228,0.8420195439739414,0.7468025116107242,0.6501784158461477,0.044020020227592084,0.5793119213664272,0.057435897435897436,0.8458498023715415,0.8183556405353728,3068,0.848761408083442,0.7714208851498755,0.697509086671513,0.04591487859907013,0.5799913266147516,0.048576214405360134,0.8323529411764706,0.8311306901615272,927.0,0.7152103559870551,0.5070035221246539,0.4278011139547247,0.13510953104324486,0.5872700455866812,0.042071197411003236,,,,,,,,,,,,,,,,,,,,,,,,,,
rafdb,nnskd_mobilevit_xxs_aux,2,953271,135387584,46,1162.1078391075134,runs/rafdb/nnskd_mobilevit_xxs_aux/seed2,1228,0.8460912052117264,0.7499781471003057,0.658033035314551,0.04714462894618126,0.6131540263802392,0.055384615384615386,0.8102766798418972,0.80078125,3068,0.848109517601043,0.7745087348864663,0.7023746689192836,0.04889041272975649,0.6151279481102151,0.051926298157453935,0.8426470588235294,0.8322440087145969,927.0,0.7227615965480043,0.5132533927606586,0.42660599411984884,0.13075136635664328,0.5738333630292004,0.036677454153182305,,,,,,,,,,,,,,,,,,,,,,,,,,
rafdb,nnskd_mobilevit_xxs_aux,3,953271,135387584,55,1164.1869814395905,runs/rafdb/nnskd_mobilevit_xxs_aux/seed3,1228,0.8420195439739414,0.7524273997087282,0.6642379031547797,0.056280894822039206,0.585056771597133,0.06564102564102564,0.8221343873517787,0.7923809523809524,3068,0.8523468057366362,0.7706118322750095,0.6905491997125777,0.059876257814631254,0.5929596197076908,0.04815745393634841,0.8264705882352941,0.8282977155490051,927.0,0.7346278317152104,0.5382210154918807,0.47554785287713014,0.11955465693099628,0.5777312369612367,0.028047464940668825,,,,,,,,,,,,,,,,,,,,,,,,,,
rafdb,nnskd_mobilevit_xxs_aux,4,953271,135387584,46,1158.517703294754,runs/rafdb/nnskd_mobilevit_xxs_aux/seed4,1228,0.8509771986970684,0.7632563625863885,0.678586198747489,0.06620997829868665,0.5919027512782696,0.06256410256410257,0.8656126482213439,0.8217636022514071,3068,0.8494132985658409,0.7628437083364183,0.6830198015837878,0.054170427290677836,0.5907163264115615,0.06365159128978225,0.8588235294117647,0.8248587570621468,927.0,0.7421790722761596,0.549837193377773,0.5072555742410624,0.10514027012366914,0.59774878089334,0.04638619201725998,,,,,,,,,,,,,,,,,,,,,,,,,,
rafdb,nnskd_mobilevit_xxs_kd,0,953271,135387584,51,1363.1637222766876,runs/rafdb/nnskd_mobilevit_xxs_kd/seed0,1228,0.8452768729641694,0.747680577825184,0.6513664113904605,0.057716611986020766,0.6114851776441772,0.05846153846153846,0.8458498023715415,0.816793893129771,3068,0.8543024771838331,0.7794686913589487,0.7122199700688291,0.06569301393922009,0.6011676494003435,0.05150753768844221,0.8426470588235294,0.8328488372093024,927.0,0.7389428263214671,0.5381190052966015,0.47138133725501397,0.11792784856780684,0.5819783594121521,0.045307443365695796,,,,,,,,,,,,,,,,,,,,,,,,,,
rafdb,nnskd_mobilevit_xxs_kd,1,953271,135387584,55,1384.0854337215424,runs/rafdb/nnskd_mobilevit_xxs_kd/seed1,1228,0.8371335504885994,0.7361166717253295,0.6343967525616241,0.038509713509209335,0.584570620458447,0.05128205128205128,0.7984189723320159,0.8,3068,0.8516949152542372,0.7751287775206477,0.7027546782806345,0.05969881821094973,0.5859817457135834,0.03936348408710218,0.8176470588235294,0.8360902255639098,927.0,0.7335490830636462,0.5288363187772037,0.46372201438898314,0.11464923123915516,0.5903957880846182,0.042071197411003236,,,,,,,,,,,,,,,,,,,,,,,,,,
rafdb,nnskd_mobilevit_xxs_kd,2,953271,135387584,40,1376.9971511363983,runs/rafdb/nnskd_mobilevit_xxs_kd/seed2,1228,0.8460912052117264,0.7386875645304364,0.6345873241172565,0.043957979276064416,0.6226093519435254,0.050256410256410255,0.8300395256916996,0.8203125,3068,0.8383311603650587,0.7588350748655001,0.6821356190623475,0.05656080244294978,0.6138281605676682,0.05443886097152429,0.7955882352941176,0.8008882309400445,927.0,0.6699029126213593,0.48779500610107673,0.3947990913786465,0.14986389634029348,0.6486613139658998,0.04854368932038835,,,,,,,,,,,,,,,,,,,,,,,,,,
rafdb,nnskd_mobilevit_xxs_kd,3,953271,135387584,44,1364.9305982589722,runs/rafdb/nnskd_mobilevit_xxs_kd/seed3,1228,0.8387622149837134,0.7629183331444217,0.690140551485915,0.05257569795752037,0.5999606021224048,0.06974358974358974,0.83399209486166,0.793233082706767,3068,0.855606258148631,0.7889830497488705,0.7291586779236912,0.0499841600820589,0.6001119739003498,0.06574539363484087,0.8676470588235294,0.8269096005606167,927.0,0.7367853290183387,0.5150517228549426,0.4396934773264561,0.1121278863816091,0.5883697426742234,0.02912621359223301,,,,,,,,,,,,,,,,,,,,,,,,,,
rafdb,nnskd_mobilevit_xxs_kd,4,953271,135387584,41,1379.7679624557495,runs/rafdb/nnskd_mobilevit_xxs_kd/seed4,1228,0.8501628664495114,0.7660928893126352,0.6802517993779282,0.054850025278398704,0.6387127301102974,0.06461538461538462,0.8893280632411067,0.8317929759704251,3068,0.8389830508474576,0.7521831501996769,0.6741555082655349,0.07285487087733578,0.6372390036910668,0.07328308207705192,0.8735294117647059,0.8198757763975155,927.0,0.7119741100323624,0.5303078188875329,0.4750861370654458,0.10526556641650732,0.6663915881902904,0.07119741100323625,,,,,,,,,,,,,,,,,,,,,,,,,,
rafdb,nnskd_mobilevit_xxs_nm,0,953271,135387584,37,1487.0305833816528,runs/rafdb/nnskd_mobilevit_xxs_nm/seed0,1228,0.8444625407166124,0.7413498768223948,0.6464720865489931,0.04753999418762728,0.63585261400471,0.04512820512820513,0.8023715415019763,0.812,3068,0.848761408083442,0.768783292491645,0.6943266890712485,0.06125570055832462,0.6371788889788051,0.042294807370184255,0.8088235294117647,0.8264462809917356,927.0,0.7259978425026968,0.5352275841995432,0.4702682253506959,0.08608117221271147,0.6721299801354073,0.043149946062567425,,,,,,,,,,,,,,,,,,,,,,,,,,
rafdb,nnskd_mobilevit_xxs_nm,1,953271,135387584,26,1488.4387221336365,runs/rafdb/nnskd_mobilevit_xxs_nm/seed1,1228,0.8379478827361564,0.7305078485447891,0.6303868136770029,0.045117198527180914,0.7144472270356933,0.052307692307692305,0.8300395256916996,0.8171206225680934,3068,0.8301825293350718,0.7267302200946906,0.6336554126410278,0.05167377296364496,0.7124797409075018,0.06155778894472362,0.8279411764705882,0.8100719424460432,927.0,0.6893203883495146,0.49350772913475943,0.41152790319667687,0.09950979494439159,0.7988735904749678,0.042071197411003236,,,,,,,,,,,,,,,,,,,,,,,,,,
rafdb,nnskd_mobilevit_xxs_nm,2,953271,135387584,35,1489.5592823028564,runs/rafdb/nnskd_mobilevit_xxs_nm/seed2,1228,0.8395765472312704,0.7337180284995706,0.6364784915454789,0.050046229307177975,0.6482685809070844,0.05128205128205128,0.7747035573122529,0.7855711422845691,3068,0.8340938722294654,0.7576184881032128,0.6846545892913233,0.06027202389590766,0.6507956333367222,0.05778894472361809,0.7867647058823529,0.7908351810790836,927.0,0.7206040992448759,0.5273007951746533,0.4527883963575642,0.09853360369124364,0.6736944668707787,0.06040992448759439,,,,,,,,,,,,,,,,,,,,,,,,,,
rafdb,nnskd_mobilevit_xxs_nm,3,953271,135387584,32,1479.0445568561554,runs/rafdb/nnskd_mobilevit_xxs_nm/seed3,1228,0.8363192182410424,0.7283121126446402,0.6156482590071343,0.04423791435523091,0.6750289513985646,0.036923076923076927,0.7905138339920948,0.8179959100204499,3068,0.8367014341590613,0.7491951492039224,0.6693431749717275,0.05246430330875983,0.6836112043381755,0.038107202680067,0.7867647058823529,0.8192955589586524,927.0,0.7022653721682848,0.4954540962564588,0.4175857448884526,0.11288573435841827,0.7471876506870407,0.08629989212513485,,,,,,,,,,,,,,,,,,,,,,,,,,
rafdb,nnskd_mobilevit_xxs_nm,4,953271,135387584,52,1492.7550837993622,runs/rafdb/nnskd_mobilevit_xxs_nm/seed4,1228,0.8420195439739414,0.7491438386604601,0.6645492429585743,0.05539634326333292,0.6031400519042287,0.04205128205128205,0.7470355731225297,0.782608695652174,3068,0.8412646675358539,0.7633510905555712,0.6915745505965021,0.07069923521620065,0.6044216848833499,0.04020100502512563,0.7470588235294118,0.7912772585669782,927.0,0.7292340884573895,0.5384108825184705,0.4788919407718499,0.11441626866199917,0.6125295255684251,0.039913700107874865,,,,,,,,,,,,,,,,,,,,,,,,,,
rafdb,nnskd_mobilevit_xxs_tinf,0,953271,146460100,49,1447.801514863968,runs/rafdb/nnskd_mobilevit_xxs_tinf/seed0,1228,0.8363192182410424,0.741929881029904,0.6458846256937198,0.07160381761504142,0.6061667690361264,0.05128205128205128,0.8063241106719368,0.8047337278106509,3068,0.8516949152542372,0.7804597076061304,0.713768689285462,0.04823951719306489,0.6014455335050903,0.048994974874371856,0.8220588235294117,0.8244837758112095,927.0,0.7432578209277239,0.545693469315726,0.4867222625090645,0.09193046313245597,0.63227442019976,0.03559870550161812,,,,,,,,,,,,,,,,,,,,,,,,,,
rafdb,nnskd_mobilevit_xxs_tinf,1,953271,146460100,56,1465.8536639213562,runs/rafdb/nnskd_mobilevit_xxs_tinf/seed1,1228,0.8387622149837134,0.7465149926640499,0.657494205496435,0.05262968359047276,0.5893116355820969,0.052307692307692305,0.7905138339920948,0.7936507936507936,3068,0.8503911342894394,0.7755144986025301,0.7038187510056048,0.051582357962682096,0.5856117881090317,0.04103852596314908,0.7911764705882353,0.817629179331307,927.0,0.703344120819849,0.5197825399815972,0.44269174096143943,0.1475638947253366,0.5847292237727837,0.05825242718446602,,,,,,,,,,,,,,,,,,,,,,,,,,
rafdb,nnskd_mobilevit_xxs_tinf,2,953271,146460100,41,1452.6873126029968,runs/rafdb/nnskd_mobilevit_xxs_tinf/seed2,1228,0.8420195439739414,0.7562468394803351,0.67402368618687,0.04920105209950928,0.6108605310155313,0.05128205128205128,0.8102766798418972,0.8070866141732284,3068,0.8445241199478487,0.7681353823732817,0.6969164333931073,0.057835657670964886,0.6102258549003502,0.05778894472361809,0.825,0.813633067440174,927.0,0.7119741100323624,0.5052898223656082,0.42064843621241377,0.12823351940726352,0.6222945941224394,0.06256742179072276,,,,,,,,,,,,,,,,,,,,,,,,,,
rafdb,nnskd_mobilevit_xxs_tinf,3,953271,146460100,41,1454.3204655647278,runs/rafdb/nnskd_mobilevit_xxs_tinf/seed3,1228,0.8395765472312704,0.7486024522926827,0.6595720433362525,0.05367556578218889,0.5900564084487175,0.07692307692307693,0.857707509881423,0.7963302752293578,3068,0.8523468057366362,0.7664531544461798,0.6890603073027769,0.056723027332211386,0.6002667976862601,0.07035175879396985,0.8764705882352941,0.8254847645429363,927.0,0.6558791801510249,0.4842973071890677,0.3945850649088037,0.1672034230307929,0.6504160749289685,0.10571736785329018,,,,,,,,,,,,,,,,,,,,,,,,,,
rafdb,nnskd_mobilevit_xxs_tinf,4,953271,146460100,57,1468.2038700580597,runs/rafdb/nnskd_mobilevit_xxs_tinf/seed4,1228,0.8452768729641694,0.7577971841172216,0.6740156466627054,0.04787323683671774,0.5957465946751808,0.04512820512820513,0.8142292490118577,0.8190854870775348,3068,0.8477835723598436,0.7706033718032969,0.6975996186151846,0.06523425925362697,0.5932802059700402,0.04690117252931323,0.825,0.8292682926829268,927.0,0.7400215749730313,0.5571532182240798,0.5177539912500779,0.11854276094175636,0.564084954965722,0.040992448759439054,,,,,,,,,,,,,,,,,,,,,,,,,,
rafdb,pattlite,0,1093767,172557248,41,339.92816138267517,runs/rafdb/pattlite/seed0,1228,0.8395765472312704,0.746236977262413,0.6566682607140484,0.04763965925446182,0.6254622491963386,0.06256410256410257,0.841897233201581,0.8083491461100569,3068,0.8438722294654498,0.76361905693763,0.6860776680091252,0.0607634906543079,0.6212972839604188,0.06197654941373534,0.8514705882352941,0.8230277185501066,927.0,0.7357065803667745,0.5223553180781787,0.45017496839673987,0.10211613136363043,0.6282944310392993,0.040992448759439054,,,,,,,,,,,,,,,,,,,,,,,,,,
rafdb,pattlite,1,1093767,172557248,50,343.94775915145874,runs/rafdb/pattlite/seed1,1228,0.8395765472312704,0.7411314239026551,0.6496419420042159,0.0614826861931855,0.6159194901768805,0.05435897435897436,0.7984189723320159,0.7952755905511811,3068,0.8396349413298566,0.760079434968639,0.686530484824643,0.05792413026593601,0.6209614631614904,0.05402010050251256,0.8014705882352942,0.8050221565731167,927.0,0.7001078748651565,0.510023260080356,0.43739813894917706,0.11996269678345507,0.669407442208147,0.04638619201725998,,,,,,,,,,,,,,,,,,,,,,,,,,
rafdb,pattlite,2,1093767,172557248,49,342.8105115890503,runs/rafdb/pattlite/seed2,1228,0.8509771986970684,0.7627889180091642,0.6722481345034863,0.04596190056167884,0.5851107345042855,0.05846153846153846,0.8735177865612648,0.832391713747646,3068,0.839960886571056,0.7430894350145457,0.6509745318988645,0.061265078223270784,0.5938050946219555,0.06323283082077052,0.8411764705882353,0.8153955808980755,927.0,0.727076591154261,0.5503595688583113,0.49966444325883347,0.11745725803431457,0.5887383923006616,0.04746494066882417,,,,,,,,,,,,,,,,,,,,,,,,,,
rafdb,pattlite,3,1093767,172557248,57,345.75375533103943,runs/rafdb/pattlite/seed3,1228,0.8436482084690554,0.742472392192366,0.6491907018959258,0.04872167473994963,0.6024667445271723,0.046153846153846156,0.8102766798418972,0.8151093439363817,3068,0.8464797913950456,0.766710330871874,0.6897029084412464,0.04913253997126331,0.5985762766330797,0.05025125628140704,0.8117647058823529,0.8165680473372781,927.0,0.7367853290183387,0.5343714371238663,0.46726402814982143,0.11010746491882628,0.6113869010673367,0.023732470334412083,,,,,,,,,,,,,,,,,,,,,,,,,,
rafdb,pattlite,4,1093767,172557248,36,340.76548075675964,runs/rafdb/pattlite/seed4,1228,0.8346905537459284,0.7240786897190484,0.6172407322850912,0.04459695452130278,0.60996344975464,0.06461538461538462,0.8458498023715415,0.8075471698113208,3068,0.8347457627118644,0.7384617344009682,0.6550575176037501,0.045972579030138294,0.6007036900637075,0.06825795644891122,0.8382352941176471,0.8067940552016986,927.0,0.7076591154261057,0.5083812620062421,0.4278539540147425,0.13355398369505728,0.5906891777142894,0.08414239482200647,,,,,,,,,,,,,,,,,,,,,,,,,,
rafdb,resnet18,0,11180103,969702400,56,316.3934681415558,runs/rafdb/resnet18/seed0,1228,0.8534201954397395,0.7619297015565236,0.6711592660965711,0.04419592702924402,0.5963561061393334,0.05641025641025641,0.8458498023715415,0.8199233716475096,3068,0.8503911342894394,0.766678890061047,0.6925422976775546,0.04439549579818366,0.5945275390265283,0.06197654941373534,0.8455882352941176,0.819672131147541,927.0,0.686084142394822,0.5028540245727309,0.42033854086343214,0.14796254432874897,0.6392027559213965,0.04746494066882417,,,,,,,,,,,,,,,,,,,,,,,,,,
rafdb,resnet18,1,11180103,969702400,52,314.03000831604004,runs/rafdb/resnet18/seed1,1228,0.8485342019543974,0.7543269830675187,0.661039402173913,0.042902854515614965,0.6020828100003794,0.06153846153846154,0.8221343873517787,0.7984644913627639,3068,0.8360495436766623,0.7427717192793849,0.6577166961833928,0.05890701865109588,0.5949690456024028,0.059045226130653265,0.8176470588235294,0.8075526506899056,927.0,0.7044228694714132,0.5110005904052917,0.42932967376266346,0.14007116563952143,0.6099777234788089,0.037756202804746494,,,,,,,,,,,,,,,,,,,,,,,,,,
rafdb,resnet18,2,11180103,969702400,53,317.29408526420593,runs/rafdb/resnet18/seed2,1228,0.8436482084690554,0.7434961441096919,0.6498227850242771,0.046905859233356106,0.6021871832779222,0.06461538461538462,0.849802371541502,0.8097928436911488,3068,0.8445241199478487,0.7583594280108186,0.679772745939218,0.05189420962409403,0.590499123321055,0.062395309882747066,0.8441176470588235,0.8182466143977192,927.0,0.7162891046386192,0.5086433722792713,0.42190637111905444,0.1311892835460437,0.6021581564919405,0.032362459546925564,,,,,,,,,,,,,,,,,,,,,,,,,,
rafdb,resnet18,3,11180103,969702400,42,313.4273819923401,runs/rafdb/resnet18/seed3,1228,0.8485342019543974,0.7623036247925129,0.6786244964195387,0.0466719376724992,0.6334527406200864,0.046153846153846156,0.8102766798418972,0.8151093439363817,3068,0.839960886571056,0.7608502641587035,0.6844915810696279,0.04729017394198074,0.6171972880294245,0.06532663316582915,0.8352941176470589,0.8091168091168092,927.0,0.7130528586839266,0.4803907123428807,0.3801875642628213,0.12194671945096572,0.635424500856859,0.07335490830636461,,,,,,,,,,,,,,,,,,,,,,,,,,
rafdb,resnet18,4,11180103,969702400,35,317.53551197052,runs/rafdb/resnet18/seed4,1228,0.8509771986970684,0.7531701933670837,0.6526901273336521,0.047020930067199436,0.5991543044137811,0.05641025641025641,0.8616600790513834,0.8288973384030418,3068,0.839960886571056,0.7545905881925246,0.6746562806454804,0.04408113316716455,0.5895502852383016,0.05820770519262981,0.8308823529411765,0.8164739884393064,927.0,0.7464940668824164,0.5093357794620651,0.42011679039980926,0.11464513475415015,0.5570934205303095,0.06364617044228695,,,,,,,,,,,,,,,,,,,,,,,,,,
sfew,efficientface,0,1272832,79691000,53,61.4822211265564,runs/sfew/efficientface/seed0,86,0.5697674418604651,0.53972527764603,0.5680363543266769,0.19103039945710518,0.9709572757618411,0.1111111111111111,0.5,0.4827586206896552,411,0.36982968369829683,0.32210418916985156,0.26053223388305846,0.2618317632488227,1.1004431974355615,0.19148936170212766,0.4268292682926829,0.3888888888888889,927.0,0.24487594390507011,0.14184659219552676,0.11376877687941236,0.39359111147386994,1.0702747783169486,0.006472491909385114,,,,,,,,,,,,,,,,,,,,,,,,,,
sfew,efficientface,1,1272832,79691000,44,59.483561277389526,runs/sfew/efficientface/seed1,86,0.5697674418604651,0.5512815064997229,0.5392089093701997,0.15104240794701174,0.9857668777350965,0.125,0.35714285714285715,0.35714285714285715,411,0.36253041362530414,0.3141001101458979,0.24263933833734808,0.2640922431070373,1.1025792993765817,0.1945288753799392,0.524390243902439,0.455026455026455,927.0,0.25674217907227614,0.1742215304515902,0.1273472198987607,0.19646903512023256,1.5078501042571615,0.09924487594390508,,,,,,,,,,,,,,,,,,,,,,,,,,
sfew,efficientface,2,1272832,79691000,19,60.75886058807373,runs/sfew/efficientface/seed2,86,0.5465116279069767,0.49335834416479585,0.44243693134822165,0.15344772488327632,1.0929488143978683,0.08333333333333333,0.42857142857142855,0.46153846153846156,411,0.40632603406326034,0.3369580012149375,0.2603043239167531,0.19162434764909933,1.2294963798819984,0.1398176291793313,0.5365853658536586,0.5116279069767442,927.0,0.1272923408845739,0.09952171424453211,0.09553396766986669,0.4328591757429503,1.2497799819943394,0.007551240560949299,,,,,,,,,,,,,,,,,,,,,,,,,,
sfew,efficientface,3,1272832,79691000,49,60.4798583984375,runs/sfew/efficientface/seed3,86,0.5465116279069767,0.5046469834513313,0.5045090326340327,0.16521755415530745,1.0260508761318854,0.09722222222222222,0.42857142857142855,0.4444444444444444,411,0.3746958637469586,0.32268279940941813,0.21142151767151768,0.24811500409464793,1.120392155667712,0.17933130699088146,0.573170731707317,0.5,927.0,0.11434735706580366,0.07050798102759574,0.10255563346495923,0.6625486611973107,0.6763466505588093,0.0,,,,,,,,,,,,,,,,,,,,,,,,,,
sfew,efficientface,4,1272832,79691000,40,59.98855018615723,runs/sfew/efficientface/seed4,86,0.5465116279069767,0.5195226146703511,0.4622277364212848,0.1556676729652302,0.9739609679021692,0.1388888888888889,0.5,0.45161290322580644,411,0.340632603406326,0.29607053178481746,0.19874340588626305,0.27591274727624626,1.1164244675399237,0.182370820668693,0.4146341463414634,0.38636363636363635,927.0,0.19741100323624594,0.1507021453714593,0.10830137512779506,0.32037285811749633,1.3670236657377672,0.04854368932038835,,,,,,,,,,,,,,,,,,,,,,,,,,
sfew,microexpnet,0,84919,9784992,47,23.94514560699463,runs/sfew/microexpnet/seed0,86,0.26744186046511625,0.14277574277574276,0.12037037037037036,0.08047685888599378,1.879454527841496,0.0,0.07142857142857142,0.13333333333333333,411,0.19951338199513383,0.10475399082165333,0.09778752340593277,0.024339095012208312,1.8781174396673352,0.00303951367781155,0.012195121951219513,0.023809523809523808,927.0,0.209277238403452,0.07742789913943351,0.03001045140098542,0.1515950203554375,1.6750488772479906,0.07227615965480043,,,,,,,,,,,,,,,,,,,,,,,,,,
sfew,microexpnet,1,84919,9784992,30,24.059854984283447,runs/sfew/microexpnet/seed1,86,0.3023255813953488,0.16374412967732163,0.13211382113821138,0.09568866352329464,1.8748151338171233,0.013888888888888888,0.07142857142857142,0.125,411,0.19951338199513383,0.10791891313754186,0.1113933092583039,0.049907753240867464,1.8736695037015507,0.0,0.0,0.0,927.0,0.15426105717367852,0.07342615012106536,0.04375,0.2635021219596423,1.5707385585168239,0.020496224379719527,,,,,,,,,,,,,,,,,,,,,,,,,,
sfew,microexpnet,2,84919,9784992,36,23.75356101989746,runs/sfew/microexpnet/seed2,86,0.313953488372093,0.18913917768365204,0.12698412698412698,0.07309292489656906,1.8555549208554492,0.09722222222222222,0.21428571428571427,0.25,411,0.24087591240875914,0.15619786399447655,0.09723251791450457,0.028385118248147313,1.8621346356537531,0.0851063829787234,0.18292682926829268,0.24,927.0,0.14347357065803668,0.07887931209910773,0.058049944445456365,0.24124873188179616,1.6043387700253164,0.016181229773462782,,,,,,,,,,,,,,,,,,,,,,,,,,
sfew,microexpnet,3,84919,9784992,16,25.295171976089478,runs/sfew/microexpnet/seed3,86,0.3372093023255814,0.1834118262689691,0.07692307692307693,0.15998840869592645,1.8898371393491429,0.1527777777777778,0.21428571428571427,0.21428571428571427,411,0.22627737226277372,0.11253119500235186,0.08112094395280237,0.07058533476451137,1.888762408349396,0.1094224924012158,0.04878048780487805,0.06557377049180328,927.0,0.22761596548004315,0.08150391590896602,0.043668122270742356,0.1617549308649302,1.5961168484640382,0.08090614886731391,,,,,,,,,,,,,,,,,,,,,,,,,,
sfew,microexpnet,4,84919,9784992,28,25.439648866653442,runs/sfew/microexpnet/seed4,86,0.36046511627906974,0.23093502242438416,0.1752901353965184,0.16408599251349199,1.9010517060939216,0.041666666666666664,0.21428571428571427,0.3,411,0.2749391727493917,0.17940153071497583,0.1612533692722372,0.0768650696053844,1.8989271949745083,0.0729483282674772,0.14634146341463414,0.2033898305084746,927.0,0.23624595469255663,0.1058149166515219,0.07950904392764858,0.04733949925334608,1.7678008423833451,0.02481121898597627,,,,,,,,,,,,,,,,,,,,,,,,,,
sfew,mobilevit_xxs,0,953271,135387584,49,88.27886056900024,runs/sfew/mobilevit_xxs/seed0,86,0.5930232558139535,0.5360137531247354,0.4865196078431372,0.2142114064748278,0.8660275795334073,0.08333333333333333,0.6428571428571429,0.6206896551724138,411,0.36009732360097324,0.30895906928473454,0.22476004272899186,0.3303492082498143,0.9376414981466256,0.1702127659574468,0.5,0.4581005586592179,927.0,0.3074433656957929,0.18517680356056215,0.0654684794637142,0.31803525556235657,1.1101505227374384,0.15426105717367852,,,,,,,,,,,,,,,,,,,,,,,,,,
sfew,mobilevit_xxs,1,953271,135387584,44,88.82132983207703,runs/sfew/mobilevit_xxs/seed1,86,0.5697674418604651,0.5098749067816005,0.4926752310119451,0.22430137736781375,0.732024954603579,0.125,0.5,0.4666666666666667,411,0.35279805352798055,0.29950246608868153,0.20515443019312987,0.39849816903448054,0.8123328778647806,0.2006079027355623,0.5365853658536586,0.4583333333333333,927.0,0.2901833872707659,0.20653294358660396,0.10379020328138051,0.4152155766175534,0.9489172529678829,0.16612729234088458,,,,,,,,,,,,,,,,,,,,,,,,,,
sfew,mobilevit_xxs,2,953271,135387584,30,86.78781533241272,runs/sfew/mobilevit_xxs/seed2,86,0.5581395348837209,0.48240682128930973,0.401407967032967,0.21130951936444914,0.9463796849065974,0.19444444444444445,0.8571428571428571,0.6,411,0.3236009732360097,0.2700240689810173,0.18766232464355886,0.3481737244185426,0.9985105769908171,0.270516717325228,0.5853658536585366,0.4383561643835616,927.0,0.2297734627831715,0.1509054165044315,0.11764779332664832,0.455641101599679,0.9455608673309555,0.018338727076591153,,,,,,,,,,,,,,,,,,,,,,,,,,
sfew,mobilevit_xxs,3,953271,135387584,24,88.16154909133911,runs/sfew/mobilevit_xxs/seed3,86,0.5581395348837209,0.5198855515509875,0.49860426929392443,0.2494468502133151,0.8374978734517482,0.16666666666666666,0.5714285714285714,0.47058823529411764,411,0.3333333333333333,0.3118746989502034,0.20088053148441104,0.33258380068872984,0.9756830046072678,0.07598784194528875,0.36585365853658536,0.43795620437956206,927.0,0.08306364617044229,0.05493909381066907,0.08666474118288887,0.6825962391127463,0.7537971821353433,0.1488673139158576,,,,,,,,,,,,,,,,,,,,,,,,,,
sfew,mobilevit_xxs,4,953271,135387584,37,89.72547054290771,runs/sfew/mobilevit_xxs/seed4,86,0.5581395348837209,0.47308047249907714,0.45972222222222225,0.1896926395633176,0.8429855502620051,0.08333333333333333,0.35714285714285715,0.4,411,0.40145985401459855,0.3404741870573847,0.25864812533004755,0.29835707458169697,0.960006374978325,0.06382978723404255,0.4024390243902439,0.4852941176470588,927.0,0.2750809061488673,0.13997869564253615,0.1002812046444122,0.4765406090962696,0.8460815300753268,0.025889967637540454,,,,,,,,,,,,,,,,,,,,,,,,,,
sfew,nnskd_mobilevit_xxs,0,953271,135387584,40,113.8482358455658,runs/sfew/nnskd_mobilevit_xxs/seed0,86,0.6162790697674418,0.5776193143501357,0.5693404634581105,0.19137000473168375,0.7602176843022155,0.1111111111111111,0.6428571428571429,0.5806451612903226,411,0.3819951338199513,0.3209309688263782,0.24185005576068552,0.3436366336605711,0.8939995198293617,0.1580547112462006,0.6097560975609756,0.5434782608695652,927.0,0.1779935275080906,0.1433851248128129,0.11540348115774927,0.4216713389039105,1.156223280830188,0.24379719525350593,,,,,,,,,,,,,,,,,,,,,,,,,,
sfew,nnskd_mobilevit_xxs,1,953271,135387584,47,111.97996878623962,runs/sfew/nnskd_mobilevit_xxs/seed1,86,0.6046511627906976,0.5550475318332462,0.563640873015873,0.2281209868121231,0.7383388738411778,0.08333333333333333,0.42857142857142855,0.46153846153846156,411,0.31630170316301703,0.27092095012628,0.20896166739255964,0.4232130924060678,0.8549947477670631,0.12158054711246201,0.32926829268292684,0.3624161073825503,927.0,0.11650485436893204,0.08202058712518623,0.10102590601158604,0.5805485912750834,0.9794336458205404,0.02696871628910464,,,,,,,,,,,,,,,,,,,,,,,,,,
sfew,nnskd_mobilevit_xxs,2,953271,135387584,48,113.03397274017334,runs/sfew/nnskd_mobilevit_xxs/seed2,86,0.5697674418604651,0.5245592112194594,0.5120839733742959,0.22768906270392758,0.7850874064819088,0.1111111111111111,0.5,0.4827586206896552,411,0.35766423357664234,0.31120020401288834,0.23217880187799483,0.37993206480188907,0.8593213948384979,0.13677811550151975,0.4634146341463415,0.46060606060606063,927.0,0.27939590075512405,0.19600943342672725,0.14013755464219235,0.4544327577415417,0.8780092671286235,0.023732470334412083,,,,,,,,,,,,,,,,,,,,,,,,,,
sfew,nnskd_mobilevit_xxs,3,953271,135387584,53,113.65442037582397,runs/sfew/nnskd_mobilevit_xxs/seed3,86,0.5930232558139535,0.559496996996997,0.5711805555555556,0.2293172811706015,0.7170447782142183,0.09722222222222222,0.5,0.5,411,0.3819951338199513,0.3316721010965388,0.22734930972917244,0.3530953606702535,0.8522291066845039,0.182370820668693,0.5365853658536586,0.4731182795698925,927.0,0.31283710895361383,0.21094180628125783,0.10037127224627224,0.2697659662515002,1.2256209981896198,0.11326860841423948,,,,,,,,,,,,,,,,,,,,,,,,,,
sfew,nnskd_mobilevit_xxs,4,953271,135387584,42,114.28346824645996,runs/sfew/nnskd_mobilevit_xxs/seed4,86,0.5697674418604651,0.49660633484162897,0.45020604395604397,0.21306410495614658,0.8054463434969036,0.1111111111111111,0.7142857142857143,0.625,411,0.3844282238442822,0.32234896922123457,0.24193345817044887,0.3386625707069634,0.8837419581755027,0.1337386018237082,0.5487804878048781,0.5263157894736842,927.0,0.22869471413160733,0.1697938812429562,0.11722766592062138,0.393373204592198,1.1280852665862313,0.0744336569579288,,,,,,,,,,,,,,,,,,,,,,,,,,
sfew,pattlite,0,1093767,172557248,50,35.10913586616516,runs/sfew/pattlite/seed0,86,0.5465116279069767,0.478688600450876,0.465815649867374,0.16599595747380738,0.9917913270918657,0.125,0.5714285714285714,0.5161290322580645,411,0.36009732360097324,0.3135923280487312,0.21508856919162261,0.23827125927711884,1.1781241525256312,0.14893617021276595,0.36585365853658536,0.37267080745341613,927.0,0.19201725997842503,0.15642129370423932,0.12208452842010879,0.3708624688906099,1.2619524702335225,0.08306364617044229,,,,,,,,,,,,,,,,,,,,,,,,,,
sfew,pattlite,1,1093767,172557248,39,34.63070559501648,runs/sfew/pattlite/seed1,86,0.6046511627906976,0.514856718687088,0.4765806530512413,0.21217349515194756,0.9110943517736346,0.06944444444444445,0.5,0.5384615384615384,411,0.32116788321167883,0.2567937041415926,0.15227902215799616,0.2935420134043553,1.1224827171054277,0.1702127659574468,0.43902439024390244,0.41379310344827586,927.0,0.19201725997842503,0.1323047438200998,0.06419336544299228,0.3995691870540373,1.2056137249229062,0.017259978425026967,,,,,,,,,,,,,,,,,,,,,,,,,,
sfew,pattlite,2,1093767,172557248,46,35.432148694992065,runs/sfew/pattlite/seed2,86,0.5,0.45929272648606484,0.5001530194654995,0.20326805688860344,0.975602566666789,0.1527777777777778,0.2857142857142857,0.27586206896551724,411,0.31630170316301703,0.28174794310635276,0.165948513172405,0.28763549029194163,1.1703819589805826,0.2127659574468085,0.4024390243902439,0.3567567567567568,927.0,0.19201725997842503,0.13848752332185454,0.07051367179718729,0.3868683788634427,1.2576317538901942,0.042071197411003236,,,,,,,,,,,,,,,,,,,,,,,,,,
sfew,pattlite,3,1093767,172557248,30,34.838650703430176,runs/sfew/pattlite/seed3,86,0.5581395348837209,0.4631226939982701,0.4140971931294512,0.13579183053483485,1.1902879303480753,0.09722222222222222,0.5,0.5,411,0.36982968369829683,0.32055872063619173,0.2546673422089316,0.16640947132630213,1.3478252528746664,0.21580547112462006,0.524390243902439,0.4387755102040816,927.0,0.07766990291262135,0.04990172902841279,0.08261104466764692,0.3869303086745381,1.472478061076601,0.010787486515641856,,,,,,,,,,,,,,,,,,,,,,,,,,
sfew,pattlite,4,1093767,172557248,32,35.69597363471985,runs/sfew/pattlite/seed4,86,0.5348837209302325,0.4683624174307404,0.41407867494824013,0.1590715085930743,1.2081375094743996,0.08333333333333333,0.35714285714285715,0.4,411,0.30900243309002434,0.26374447157374414,0.16947648454757458,0.21408810114124288,1.3351724849464521,0.12158054711246201,0.2926829268292683,0.3287671232876712,927.0,0.18985976267529667,0.11931275197436585,0.07025892771271247,0.38901934156284657,1.1875230149732132,0.0010787486515641855,,,,,,,,,,,,,,,,,,,,,,,,,,
sfew,resnet18,0,11180103,969702400,37,34.346283197402954,runs/sfew/resnet18/seed0,86,0.5930232558139535,0.4962906665190248,0.46693711967545637,0.12957060938569806,0.9522873642553017,0.1111111111111111,0.6428571428571429,0.5806451612903226,411,0.3722627737226277,0.32949155132607594,0.24665215775814553,0.20668082549576883,1.2337667926717708,0.17325227963525835,0.43902439024390244,0.4114285714285714,927.0,0.3063646170442287,0.18255064945992397,0.0705596107055961,0.2719483428064092,1.258575607146066,0.006472491909385114,,,,,,,,,,,,,,,,,,,,,,,,,,
sfew,resnet18,1,11180103,969702400,23,34.48103070259094,runs/sfew/resnet18/seed1,86,0.5930232558139535,0.5368446739875311,0.5602574002574002,0.14931975264984182,0.9893791510439764,0.1388888888888889,0.6428571428571429,0.5454545454545454,411,0.35766423357664234,0.2958929393954596,0.17398791370000122,0.2306233266936881,1.180025717153119,0.2674772036474164,0.6707317073170732,0.4888888888888889,927.0,0.20711974110032363,0.1646278270366671,0.0820662341280898,0.3333723213643104,1.3005521607949173,0.35706580366774543,,,,,,,,,,,,,,,,,,,,,,,,,,
sfew,resnet18,2,11180103,969702400,41,35.12890815734863,runs/sfew/resnet18/seed2,86,0.6046511627906976,0.540229844059865,0.5488261093911249,0.13924746816054653,0.952751116193659,0.125,0.5714285714285714,0.5161290322580645,411,0.4257907542579075,0.3477232062223203,0.2315934065934066,0.19351544453620792,1.156351872664132,0.23100303951367782,0.6463414634146342,0.5023696682464455,927.0,0.3743257820927724,0.24203580328624974,0.11893391790467031,0.19585468985612758,1.2416502001928555,0.016181229773462782,,,,,,,,,,,,,,,,,,,,,,,,,,
sfew,resnet18,3,11180103,969702400,16,34.4989538192749,runs/sfew/resnet18/seed3,86,0.5813953488372093,0.5313528588473563,0.5892001915708812,0.13165457515753348,0.9377630605878639,0.1388888888888889,0.5714285714285714,0.5,411,0.3309002433090024,0.24639358743103099,0.17650385724853518,0.28104900837503954,1.1070444546258196,0.1884498480243161,0.45121951219512196,0.4088397790055249,927.0,0.38295577130528585,0.21241674367895877,0.08767057556819512,0.21645993756800208,1.1202964966890552,0.02696871628910464,,,,,,,,,,,,,,,,,,,,,,,,,,
sfew,resnet18,4,11180103,969702400,44,34.78674364089966,runs/sfew/resnet18/seed4,86,0.6395348837209303,0.6047604129371047,0.6801587301587302,0.14734572975267704,0.9206466988918913,0.1527777777777778,0.5,0.4375,411,0.36739659367396593,0.30194335582624154,0.21400267076958807,0.216273545011036,1.2155284740086378,0.24012158054711247,0.6341463414634146,0.48826291079812206,927.0,0.26105717367853293,0.14332351615461908,0.10782004432116703,0.45984379823168214,0.8695896658479397,0.007551240560949299,,,,,,,,,,,,,,,,,,,,,,,,,,
